0;0;0;0;land;false;unknown;0
1;169;38;1;land;false;forest;7
2;205;18;1;land;false;forest;7
3;210;48;1;land;false;forest;7
4;197;42;1;land;false;plains;7
5;184;1;1;land;false;forest;7
6;244;51;1;land;false;forest;7
7;169;39;1;land;false;forest;7
8;170;24;1;land;false;forest;7
9;174;36;1;land;false;forest;7
10;223;41;1;land;false;forest;7
11;181;55;1;land;false;forest;7
12;194;3;1;land;false;forest;7
13;200;47;1;land;false;forest;7
14;201;52;1;land;false;plains;7
15;20;132;1;land;false;forest;7
16;7;166;1;land;false;urban;7
17;44;93;1;land;false;forest;7
18;47;125;1;land;false;plains;7
19;26;147;1;land;false;forest;7
20;24;139;1;land;false;urban;7
21;72;110;1;land;false;urban;7
22;241;57;1;land;true;forest;7
23;250;34;1;land;true;forest;7
24;39;197;1;land;true;forest;7
25;62;181;1;land;true;forest;7
26;201;161;1;land;false;desert;7
27;151;196;1;land;false;plains;7
28;163;192;1;land;false;desert;7
29;183;211;1;land;false;desert;7
30;199;175;1;land;false;plains;7
31;129;199;1;land;false;plains;7
32;173;141;1;land;false;plains;7
33;171;153;1;land;false;plains;7
34;182;199;1;land;false;desert;7
35;124;155;1;land;false;plains;7
36;23;14;1;land;false;mountain;7
37;41;68;1;land;false;hills;7
38;20;41;1;land;false;plains;7
39;15;4;1;land;false;hills;7
40;49;7;1;land;false;plains;7
41;15;23;1;land;false;mountain;7
42;0;54;1;land;false;mountain;7
43;24;45;1;land;false;plains;7
44;23;67;1;land;false;plains;7
45;46;33;1;land;false;mountain;7
46;1;59;1;land;false;plains;7
47;35;50;1;land;false;mountain;7
48;41;23;1;land;false;mountain;7
49;20;76;1;land;false;mountain;7
50;116;138;1;land;false;forest;7
51;107;126;1;land;false;forest;7
52;102;155;1;land;false;forest;7
53;104;139;1;land;false;forest;7
54;117;161;1;land;false;forest;7
55;94;165;1;land;false;forest;7
56;87;183;1;land;false;forest;7
57;87;108;1;land;false;forest;7
58;57;165;1;land;false;forest;7
59;52;137;1;land;false;forest;7
60;91;200;1;land;false;plains;7
61;143;193;1;land;true;plains;7
62;94;149;1;land;true;forest;7
63;126;149;1;land;false;plains;7
64;141;180;1;land;true;hills;7
65;110;143;1;land;false;plains;7
66;215;18;1;land;false;forest;7
67;225;25;1;land;false;urban;7
68;215;7;1;land;false;plains;7
69;196;15;1;land;false;urban;7
70;249;140;1;land;false;forest;7
71;228;130;1;land;false;urban;7
72;233;125;1;land;false;urban;7
73;155;226;1;land;false;plains;7
74;163;240;1;land;false;plains;7
75;171;232;1;land;false;hills;7
76;106;223;1;land;true;plains;7
77;175;237;1;land;false;plains;7
78;179;243;1;land;false;plains;7
79;127;224;1;land;false;hills;7
80;138;247;1;land;false;plains;7
81;127;243;1;land;false;plains;7
82;113;237;1;land;false;plains;7
83;133;244;1;land;false;plains;7
84;154;239;1;land;false;plains;7
85;121;246;1;land;false;plains;7
86;108;224;1;land;true;plains;7
87;153;254;1;land;false;hills;7
88;174;235;1;land;false;plains;7
89;115;252;1;land;false;plains;7
90;174;245;1;land;false;plains;7
91;137;232;1;land;false;plains;7
92;15;98;1;land;false;forest;7
93;63;109;1;land;false;urban;7
94;24;133;1;land;false;forest;7
95;63;120;1;land;false;jungle;7
96;32;118;1;land;false;urban;7
97;18;122;1;land;false;plains;7
98;2;129;1;land;false;urban;7
99;28;152;1;land;false;urban;7
100;103;214;1;land;false;plains;7
101;155;251;1;land;false;plains;7
102;160;237;1;land;false;plains;7
103;172;251;1;land;false;plains;7
104;119;209;1;land;false;plains;7
105;94;210;1;land;false;plains;7
106;163;233;1;land;false;plains;7
107;141;245;1;land;false;urban;7
108;94;230;1;land;false;plains;7
109;186;18;1;land;false;forest;7
110;147;14;1;land;false;forest;7
111;148;39;1;land;false;urban;7
112;164;36;1;land;false;forest;7
113;200;29;1;land;false;forest;7
114;207;44;1;land;false;urban;7
115;151;42;1;land;false;forest;7
116;197;20;1;land;false;forest;7
117;12;227;1;land;false;forest;7
118;87;201;1;land;false;forest;7
119;34;249;1;land;false;forest;7
120;60;234;1;land;false;forest;7
121;60;193;1;land;false;forest;7
122;59;194;1;land;false;forest;7
123;67;227;1;land;false;forest;7
124;87;214;1;land;false;urban;7
125;53;214;1;land;false;forest;7
126;29;241;1;land;false;urban;7
127;41;233;1;land;false;urban;7
128;73;182;1;land;false;forest;7
129;80;250;1;land;true;plains;7
130;100;237;1;land;false;plains;7
131;119;219;1;land;false;plains;7
132;120;249;1;land;false;plains;7
133;102;226;1;land;false;plains;7
134;66;222;1;land;true;plains;7
135;104;205;1;land;false;plains;7
136;86;208;1;land;false;plains;7
137;120;246;1;land;false;plains;7
138;57;246;1;land;false;plains;7
139;71;215;1;land;true;plains;7
140;85;201;1;land;false;plains;7
141;130;93;1;land;false;forest;7
142;116;108;1;land;false;forest;7
143;110;61;1;land;false;forest;7
144;141;46;1;land;false;forest;7
145;126;45;1;land;false;urban;7
146;106;98;1;land;false;forest;7
147;30;210;1;land;false;desert;7
148;28;245;1;land;false;plains;7
149;7;245;1;land;false;plains;7
150;41;177;1;land;false;plains;7
151;19;171;1;land;false;plains;7
152;48;187;1;land;false;desert;7
153;48;213;1;land;false;plains;7
154;21;183;1;land;false;plains;7
155;24;207;1;land;false;mountain;7
156;38;176;1;land;false;mountain;7
157;7;247;1;land;false;plains;7
158;38;191;1;land;false;hills;7
159;19;176;1;land;false;plains;7
160;20;183;1;land;false;desert;7
161;30;194;1;land;false;desert;7
162;9;196;1;land;false;desert;7
163;8;223;1;land;false;desert;7
164;8;216;1;land;false;hills;7
165;25;218;1;land;false;hills;7
166;19;208;1;land;false;desert;7
167;44;247;1;land;false;hills;7
168;35;232;1;land;false;hills;7
169;36;212;1;land;false;desert;7
170;37;169;1;land;false;hills;7
171;11;181;1;land;false;hills;7
172;30;246;1;land;false;plains;7
173;18;220;1;land;false;hills;7
174;37;242;1;land;false;plains;7
175;22;204;1;land;false;desert;7
176;18;173;1;land;false;plains;7
177;12;210;1;land;false;plains;7
178;21;42;1;land;false;forest;7
179;14;76;1;land;false;forest;7
180;72;18;1;land;false;forest;7
181;1;39;1;land;false;forest;7
182;48;45;1;land;false;forest;7
183;13;35;1;land;false;forest;7
184;7;85;1;land;false;urban;7
185;25;20;1;land;false;forest;7
186;129;206;1;land;false;forest;7
187;108;210;1;land;false;forest;7
188;89;237;1;land;false;forest;7
189;134;214;1;land;false;urban;7
190;76;203;1;land;false;jungle;7
191;108;207;1;land;false;forest;7
192;93;213;1;land;false;forest;7
193;217;140;1;land;true;plains;7
194;175;64;1;land;true;forest;7
195;210;141;1;land;true;forest;7
196;240;82;1;land;false;forest;7
197;216;113;1;land;false;forest;7
198;231;130;1;land;true;jungle;7
199;254;126;1;land;false;forest;7
200;71;248;1;land;true;plains;7
201;79;230;1;land;true;forest;7
202;39;193;1;land;false;urban;7
203;77;249;1;land;false;urban;7
204;31;241;1;land;false;forest;7
205;213;160;1;land;false;plains;7
206;163;148;1;land;false;plains;7
207;181;155;1;land;false;plains;7
208;200;188;1;land;false;plains;7
209;155;186;1;land;false;plains;7
210;168;169;1;land;false;plains;7
211;160;155;1;land;false;plains;7
212;103;122;1;land;false;forest;7
213;112;139;1;land;false;urban;7
214;124;132;1;land;false;forest;7
215;112;148;1;land;false;urban;7
216;115;158;1;land;false;urban;7
217;211;28;1;land;false;forest;7
218;219;59;1;land;false;forest;7
219;197;58;1;land;false;forest;7
220;191;23;1;land;false;plains;7
221;218;43;1;land;false;forest;7
222;213;45;1;land;false;forest;7
223;31;11;1;land;false;forest;7
224;4;33;1;land;false;forest;7
225;26;0;1;land;false;forest;7
226;35;57;1;land;false;forest;7
227;7;72;1;land;false;forest;7
228;45;72;1;land;false;urban;7
229;27;15;1;land;false;forest;7
230;26;58;1;land;false;forest;7
231;11;7;1;land;false;forest;7
232;10;62;1;land;false;forest;7
233;32;69;1;land;false;forest;7
234;7;49;1;land;false;forest;7
235;6;61;1;land;false;forest;7
236;186;245;1;land;false;hills;7
237;165;229;1;land;false;plains;7
238;121;254;1;land;false;plains;7
239;154;218;1;land;false;plains;7
240;118;211;1;land;false;mountain;7
241;114;251;1;land;false;plains;7
242;151;245;1;land;false;plains;7
243;117;253;1;land;false;plains;7
244;168;216;1;land;false;desert;7
245;124;250;1;land;false;plains;7
246;173;227;1;land;false;plains;7
247;124;225;1;land;false;plains;7
248;203;22;1;land;true;forest;7
249;157;16;1;land;true;forest;7
250;0;98;1;land;false;forest;7
251;48;150;1;land;false;urban;7
252;23;160;1;land;true;urban;7
253;59;135;1;land;true;plains;7
254;21;94;1;land;false;urban;7
255;1;140;1;land;false;forest;7
256;16;151;1;land;true;forest;7
257;79;244;1;land;false;forest;7
258;84;196;1;land;false;forest;7
259;76;230;1;land;false;urban;7
260;135;238;1;land;false;forest;7
261;111;215;1;land;false;forest;7
262;123;75;1;land;false;plains;7
263;142;68;1;land;false;plains;7
264;95;81;1;land;false;plains;7
265;130;51;1;land;false;plains;7
266;104;36;1;land;false;urban;7
267;170;78;1;land;false;plains;7
268;139;78;1;land;false;plains;7
269;94;115;1;land;false;forest;7
270;196;136;1;land;true;hills;7
271;209;102;1;land;false;mountain;7
272;191;128;1;land;true;hills;7
273;204;75;1;land;true;hills;7
274;196;94;1;land;false;hills;7
275;252;123;1;land;true;plains;7
276;37;202;1;land;true;forest;7
277;46;201;1;land;true;urban;7
278;26;91;1;land;false;plains;7
279;0;90;1;land;false;urban;7
280;21;145;1;land;false;plains;7
281;25;134;1;land;false;plains;7
282;5;78;1;land;false;plains;7
283;3;100;1;land;false;plains;7
284;43;85;1;land;false;urban;7
285;33;131;1;land;false;plains;7
286;32;137;1;land;false;plains;7
287;25;155;1;land;false;urban;7
288;38;104;1;land;false;plains;7
289;18;128;1;land;false;plains;7
290;29;137;1;land;false;plains;7
291;4;81;1;land;false;plains;7
292;11;101;1;land;false;plains;7
293;12;110;1;land;false;urban;7
294;96;228;1;land;true;plains;7
295;88;224;1;land;true;hills;7
296;107;236;1;land;false;plains;7
297;135;206;1;land;true;plains;7
298;112;225;1;land;false;hills;7
299;138;57;1;land;false;plains;7
300;149;96;1;land;false;forest;7
301;173;98;1;land;false;forest;7
302;166;88;1;land;false;forest;7
303;160;108;1;land;false;forest;7
304;135;91;1;land;false;forest;7
305;156;50;1;land;false;forest;7
306;172;84;1;land;false;urban;7
307;125;76;1;land;false;forest;7
308;5;184;1;land;false;plains;7
309;22;208;1;land;false;urban;7
310;64;232;1;land;false;forest;7
311;67;223;1;land;false;forest;7
312;57;242;1;land;false;urban;7
313;61;238;1;land;false;plains;7
314;40;186;1;land;false;plains;7
315;40;213;1;land;false;forest;7
316;69;214;1;land;false;plains;7
317;160;202;1;land;false;plains;7
318;155;187;1;land;false;desert;7
319;159;189;1;land;false;plains;7
320;149;138;1;land;false;desert;7
321;148;180;1;land;false;plains;7
322;189;129;1;land;false;hills;7
323;165;153;1;land;false;hills;7
324;193;191;1;land;false;plains;7
325;190;204;1;land;false;plains;7
326;178;150;1;land;false;plains;7
327;139;161;1;land;false;hills;7
328;172;165;1;land;false;hills;7
329;187;142;1;land;false;plains;7
330;199;170;1;land;false;hills;7
331;169;194;1;land;false;hills;7
332;174;143;1;land;false;plains;7
333;137;130;1;land;false;hills;7
334;135;130;1;land;false;plains;7
335;189;136;1;land;false;plains;7
336;199;181;1;land;false;hills;7
337;112;41;1;land;false;forest;7
338;62;37;1;land;false;urban;7
339;126;65;1;land;false;forest;7
340;107;23;1;land;false;urban;7
341;130;44;1;land;false;forest;7
342;74;82;1;land;false;forest;7
343;57;86;1;land;false;forest;7
344;100;44;1;land;false;urban;7
345;93;55;1;land;false;forest;7
346;120;97;1;land;false;urban;7
347;172;144;1;land;false;forest;7
348;152;209;1;land;false;hills;7
349;191;172;1;land;false;mountain;7
350;204;168;1;land;false;mountain;7
351;207;204;1;land;false;mountain;7
352;191;156;1;land;false;forest;7
353;185;192;1;land;false;mountain;7
354;155;206;1;land;false;forest;7
355;166;143;1;land;false;forest;7
356;168;177;1;land;false;hills;7
357;211;149;1;land;false;forest;7
358;227;208;1;land;false;hills;7
359;217;189;1;land;false;mountain;7
360;205;175;1;land;false;urban;7
361;184;140;1;land;false;mountain;7
362;196;157;1;land;false;forest;7
363;142;32;1;land;false;forest;7
364;92;47;1;land;false;forest;7
365;106;37;1;land;false;forest;7
366;156;64;1;land;false;forest;7
367;153;60;1;land;false;forest;7
368;145;74;1;land;false;forest;7
369;136;43;1;land;false;urban;7
370;153;71;1;land;false;forest;7
371;112;46;1;land;false;forest;7
372;215;162;1;land;true;forest;7
373;193;225;1;land;true;forest;7
374;218;227;1;land;false;urban;7
375;200;218;1;land;true;forest;7
376;243;193;1;land;true;forest;7
377;193;166;1;land;true;urban;7
378;235;160;1;land;false;forest;7
379;92;150;1;land;false;plains;7
380;109;126;1;land;false;plains;7
381;82;134;1;land;false;plains;7
382;116;165;1;land;false;desert;7
383;81;153;1;land;true;plains;7
384;125;130;1;land;false;plains;7
385;74;138;1;land;false;plains;7
386;110;190;1;land;false;plains;7
387;94;150;1;land;true;plains;7
388;75;170;1;land;false;plains;7
389;85;119;1;land;false;plains;7
390;82;182;1;land;false;plains;7
391;68;6;1;land;true;forest;7
392;21;46;1;land;false;forest;7
393;71;42;1;land;false;forest;7
394;65;58;1;land;false;urban;7
395;186;2;1;land;true;forest;7
396;239;19;1;land;false;plains;7
397;189;52;1;land;false;desert;7
398;180;36;1;land;false;desert;7
399;253;30;1;land;false;desert;7
400;199;34;1;land;false;plains;7
401;207;52;1;land;false;desert;7
402;232;6;1;land;false;desert;7
403;227;37;1;land;false;desert;7
404;254;50;1;land;false;desert;7
405;181;8;1;land;false;desert;7
406;215;27;1;land;false;desert;7
407;248;44;1;land;false;plains;7
408;218;11;1;land;false;desert;7
409;217;25;1;land;false;desert;7
410;180;45;1;land;false;desert;7
411;201;14;1;land;false;plains;7
412;217;32;1;land;false;hills;7
413;240;38;1;land;false;plains;7
414;183;50;1;land;false;desert;7
415;252;11;1;land;false;plains;7
416;200;6;1;land;false;desert;7
417;251;17;1;land;false;desert;7
418;182;39;1;land;false;desert;7
419;223;8;1;land;false;hills;7
420;238;41;1;land;false;plains;7
421;196;28;1;land;false;desert;7
422;214;10;1;land;false;plains;7
423;189;20;1;land;false;desert;7
424;252;15;1;land;false;desert;7
425;253;14;1;land;false;desert;7
426;82;145;1;land;false;forest;7
427;38;110;1;land;false;plains;7
428;44;141;1;land;false;forest;7
429;101;172;1;land;false;forest;7
430;43;175;1;land;false;forest;7
431;34;116;1;land;false;forest;7
432;90;126;1;land;false;forest;7
433;77;242;1;land;false;forest;7
434;106;202;1;land;true;forest;7
435;72;224;1;land;false;forest;7
436;103;229;1;land;true;forest;7
437;108;209;1;land;false;forest;7
438;209;107;1;land;false;forest;7
439;231;121;1;land;false;urban;7
440;173;123;1;land;false;urban;7
441;187;115;1;land;false;forest;7
442;210;134;1;land;false;urban;7
443;253;94;1;land;false;forest;7
444;227;107;1;land;false;forest;7
445;253;122;1;land;false;forest;7
446;228;80;1;land;false;urban;7
447;121;181;1;land;false;forest;7
448;134;133;1;land;false;forest;7
449;165;159;1;land;false;forest;7
450;155;159;1;land;false;plains;7
451;133;153;1;land;false;plains;7
452;158;132;1;land;false;forest;7
453;153;182;1;land;false;plains;7
454;27;54;1;land;false;urban;7
455;33;35;1;land;false;plains;7
456;47;0;1;land;false;plains;7
457;25;62;1;land;true;forest;7
458;7;15;1;land;false;plains;7
459;5;36;1;land;false;plains;7
460;16;28;1;land;false;forest;7
461;25;2;1;land;false;forest;7
462;41;13;1;land;false;plains;7
463;34;52;1;land;false;plains;7
464;16;47;1;land;false;plains;7
465;16;14;1;land;false;plains;7
466;28;6;1;land;false;desert;7
467;10;8;1;land;false;plains;7
468;43;37;1;land;false;plains;7
469;15;59;1;land;true;forest;7
470;46;62;1;land;false;forest;7
471;19;69;1;land;false;plains;7
472;22;18;1;land;false;plains;7
473;14;23;1;land;false;plains;7
474;34;58;1;land;false;plains;7
475;34;3;1;land;false;desert;7
476;45;23;1;land;false;plains;7
477;17;67;1;land;false;plains;7
478;25;14;1;land;false;desert;7
479;42;61;1;land;false;plains;7
480;1;61;1;land;false;plains;7
481;36;52;1;land;false;plains;7
482;31;20;1;land;false;forest;7
483;39;47;1;land;false;forest;7
484;22;28;1;land;false;plains;7
485;5;64;1;land;false;plains;7
486;33;66;1;land;false;plains;7
487;31;54;1;land;false;forest;7
488;41;33;1;land;false;plains;7
489;35;53;1;land;false;desert;7
490;35;31;1;land;false;plains;7
491;103;125;1;land;true;forest;7
492;111;129;1;land;false;forest;7
493;39;138;1;land;false;forest;7
494;103;161;1;land;false;forest;7
495;48;100;1;land;true;forest;7
496;40;167;1;land;false;forest;7
497;218;22;1;land;false;forest;7
498;173;36;1;land;false;forest;7
499;122;129;1;land;false;forest;7
500;122;132;1;land;true;urban;7
501;100;157;1;land;true;forest;7
502;105;153;1;land;false;forest;7
503;153;161;1;land;false;forest;7
504;103;155;1;land;false;urban;7
505;102;153;1;land;true;urban;7
506;236;137;1;land;true;forest;7
507;228;149;1;land;false;urban;7
508;245;135;1;land;false;urban;7
509;254;124;1;land;true;forest;7
510;232;84;1;land;false;plains;7
511;253;118;1;land;false;forest;7
512;246;151;1;land;true;plains;7
513;249;138;1;land;false;plains;7
514;254;96;1;land;false;plains;7
515;227;147;1;land;true;plains;7
516;213;113;1;land;false;plains;7
517;210;136;1;land;false;plains;7
518;209;101;1;land;false;urban;7
519;132;242;1;land;true;forest;7
520;73;226;1;land;true;forest;7
521;68;216;1;land;false;forest;7
522;136;235;1;land;true;forest;7
523;175;102;1;land;true;forest;7
524;130;91;1;land;true;hills;7
525;201;119;1;land;true;forest;7
526;46;188;1;land;false;urban;7
527;35;221;1;land;false;forest;7
528;38;229;1;land;false;urban;7
529;50;185;1;land;false;forest;7
530;26;173;1;land;false;forest;7
531;35;194;1;land;false;forest;7
532;82;242;1;land;true;forest;7
533;38;203;1;land;true;plains;7
534;102;55;1;land;false;forest;7
535;149;94;1;land;false;hills;7
536;108;59;1;land;false;forest;7
537;95;41;1;land;false;hills;7
538;130;54;1;land;false;forest;7
539;135;48;1;land;false;hills;7
540;122;37;1;land;false;hills;7
541;85;91;1;land;false;hills;7
542;250;167;1;land;false;forest;7
543;233;193;1;land;false;forest;7
544;199;196;1;land;false;forest;7
545;238;156;1;land;false;forest;7
546;221;172;1;land;false;forest;7
547;140;65;1;land;false;hills;7
548;131;49;1;land;false;hills;7
549;183;61;1;land;false;hills;7
550;145;67;1;land;false;mountain;7
551;150;50;1;land;false;mountain;7
552;168;58;1;land;false;mountain;7
553;138;105;1;land;false;mountain;7
554;174;56;1;land;false;mountain;7
555;174;61;1;land;false;forest;7
556;176;110;1;land;false;mountain;7
557;141;50;1;land;false;forest;7
558;167;48;1;land;false;mountain;7
559;135;114;1;land;false;mountain;7
560;160;69;1;land;false;mountain;7
561;171;50;1;land;false;mountain;7
562;126;71;1;land;false;mountain;7
563;137;53;1;land;false;forest;7
564;26;178;1;land;false;urban;7
565;1;165;1;land;true;urban;7
566;68;55;1;land;false;forest;7
567;58;35;1;land;false;forest;7
568;15;12;1;land;false;forest;7
569;8;40;1;land;false;forest;7
570;65;62;1;land;false;forest;7
571;34;9;1;land;false;forest;7
572;37;32;1;land;false;forest;7
573;12;50;1;land;false;forest;7
574;66;41;1;land;false;forest;7
575;44;38;1;land;false;forest;7
576;116;184;1;land;true;forest;7
577;178;139;1;land;true;forest;7
578;105;166;1;land;true;plains;7
579;92;31;1;land;true;plains;7
580;39;37;1;land;false;forest;7
581;79;81;1;land;false;forest;7
582;98;27;1;land;true;forest;7
583;108;35;1;land;false;forest;7
584;99;58;1;land;false;urban;7
585;206;139;1;land;false;forest;7
586;183;171;1;land;false;forest;7
587;161;146;1;land;false;forest;7
588;199;133;1;land;true;forest;7
589;159;182;1;land;false;forest;7
590;180;212;1;land;false;forest;7
591;205;191;1;land;false;urban;7
592;192;142;1;land;false;urban;7
593;161;193;1;land;false;urban;7
594;218;134;1;land;false;forest;7
595;198;166;1;land;true;forest;7
596;191;184;1;land;false;forest;7
597;163;208;1;land;false;urban;7
598;191;151;1;land;false;forest;7
599;149;147;1;land;false;forest;7
600;171;199;1;land;false;urban;7
601;184;192;1;land;false;forest;7
602;212;201;1;land;false;forest;7
603;250;16;1;land;true;hills;7
604;249;23;1;land;false;forest;7
605;233;42;1;land;true;forest;7
606;222;51;1;land;false;forest;7
607;225;59;1;land;true;hills;7
608;4;170;1;land;false;plains;7
609;32;205;1;land;false;plains;7
610;38;167;1;land;false;plains;7
611;34;231;1;land;true;forest;7
612;46;232;1;land;true;plains;7
613;47;227;1;land;false;plains;7
614;38;195;1;land;false;plains;7
615;35;214;1;land;true;plains;7
616;38;228;1;land;false;plains;7
617;36;197;1;land;true;plains;7
618;24;246;1;land;false;plains;7
619;28;204;1;land;false;plains;7
620;80;184;1;land;false;plains;7
621;42;210;1;land;false;plains;7
622;160;172;1;land;false;plains;7
623;199;138;1;land;false;plains;7
624;184;188;1;land;false;urban;7
625;180;211;1;land;false;forest;7
626;152;162;1;land;false;forest;7
627;198;204;1;land;false;plains;7
628;150;175;1;land;false;desert;7
629;160;149;1;land;false;urban;7
630;13;5;1;land;false;forest;7
631;2;9;1;land;false;jungle;7
632;62;8;1;land;false;hills;7
633;57;62;1;land;false;forest;7
634;58;42;1;land;false;plains;7
635;194;30;1;land;false;plains;7
636;243;27;1;land;false;forest;7
637;152;189;1;land;false;forest;7
638;133;148;1;land;false;forest;7
639;139;172;1;land;false;forest;7
640;252;24;1;land;false;forest;7
641;221;30;1;land;false;plains;7
642;243;65;1;land;false;urban;7
643;221;32;1;land;false;plains;7
644;220;17;1;land;false;urban;7
645;235;16;1;land;false;forest;7
646;9;98;1;land;false;plains;7
647;7;121;1;land;false;plains;7
648;3;160;1;land;false;hills;7
649;24;83;1;land;false;plains;7
650;18;89;1;land;false;plains;7
651;19;103;1;land;false;hills;7
652;26;83;1;land;false;plains;7
653;22;134;1;land;false;plains;7
654;33;127;1;land;false;plains;7
655;55;148;1;land;false;plains;7
656;1;117;1;land;false;hills;7
657;28;107;1;land;false;plains;7
658;56;112;1;land;false;hills;7
659;45;110;1;land;false;hills;7
660;65;135;1;land;false;plains;7
661;32;154;1;land;false;plains;7
662;61;95;1;land;false;forest;7
663;51;154;1;land;false;plains;7
664;65;146;1;land;false;plains;7
665;27;137;1;land;false;plains;7
666;98;168;1;land;false;hills;7
667;98;173;1;land;false;plains;7
668;26;131;1;land;false;plains;7
669;63;169;1;land;false;plains;7
670;53;168;1;land;false;hills;7
671;46;172;1;land;false;hills;7
672;43;165;1;land;true;hills;7
673;77;171;1;land;false;plains;7
674;80;122;1;land;false;plains;7
675;70;159;1;land;false;plains;7
676;84;107;1;land;false;plains;7
677;52;121;1;land;true;hills;7
678;41;108;1;land;false;mountain;7
679;35;125;1;land;false;plains;7
680;82;147;1;land;true;hills;7
681;102;125;1;land;false;plains;7
682;79;118;1;land;false;plains;7
683;53;136;1;land;false;forest;7
684;87;157;1;land;false;plains;7
685;75;100;1;land;false;urban;7
686;45;162;1;land;false;forest;7
687;39;148;1;land;false;plains;7
688;14;134;1;land;false;plains;7
689;60;115;1;land;false;urban;7
690;35;103;1;land;false;forest;7
691;85;143;1;land;false;plains;7
692;54;94;1;land;false;urban;7
693;12;139;1;land;false;urban;7
694;31;103;1;land;false;forest;7
695;69;94;1;land;false;plains;7
696;72;113;1;land;false;forest;7
697;83;140;1;land;false;urban;7
698;93;175;1;land;false;forest;7
699;131;163;1;land;false;forest;7
700;125;106;1;land;false;forest;7
701;79;130;1;land;false;forest;7
702;187;2;1;land;false;hills;7
703;188;46;1;land;false;plains;7
704;176;31;1;land;false;desert;7
705;160;29;1;land;true;forest;7
706;186;37;1;land;true;plains;7
707;227;32;1;land;false;plains;7
708;173;13;1;land;false;plains;7
709;211;18;1;land;false;plains;7
710;206;4;1;land;false;plains;7
711;216;29;1;land;false;hills;7
712;173;8;1;land;false;plains;7
713;99;203;1;land;false;plains;7
714;66;233;1;land;false;plains;7
715;61;211;1;land;false;plains;7
716;58;251;1;land;false;plains;7
717;112;203;1;land;false;plains;7
718;64;198;1;land;false;plains;7
719;223;210;1;land;false;forest;7
720;245;170;1;land;false;urban;7
721;212;199;1;land;false;forest;7
722;209;106;1;land;false;jungle;7
723;166;114;1;land;false;urban;7
724;183;117;1;land;false;jungle;7
725;208;72;1;land;false;jungle;7
726;159;49;1;land;false;jungle;7
727;184;71;1;land;false;plains;7
728;148;99;1;land;false;jungle;7
729;220;102;1;land;false;jungle;7
730;198;50;1;land;false;jungle;7
731;190;78;1;land;false;jungle;7
732;71;206;1;land;false;forest;7
733;56;192;1;land;true;forest;7
734;74;181;1;land;false;urban;7
735;70;33;1;land;false;forest;7
736;47;38;1;land;false;forest;7
737;23;26;1;land;false;forest;7
738;63;57;1;land;false;forest;7
739;82;65;1;land;false;forest;7
740;108;244;1;land;false;forest;7
741;121;249;1;land;false;urban;7
742;132;248;1;land;false;forest;7
743;101;240;1;land;false;urban;7
744;122;250;1;land;false;urban;7
745;128;246;1;land;false;plains;7
746;138;230;1;land;false;jungle;7
747;117;199;1;land;false;plains;7
748;161;251;1;land;false;forest;7
749;86;232;1;land;false;urban;7
750;51;153;1;land;false;forest;7
751;32;100;1;land;false;urban;7
752;10;124;1;land;false;forest;7
753;27;133;1;land;false;forest;7
754;24;146;1;land;false;forest;7
755;16;140;1;land;false;forest;7
756;166;44;1;land;false;forest;7
757;122;54;1;land;false;urban;7
758;156;73;1;land;false;forest;7
759;186;107;1;land;false;forest;7
760;145;59;1;land;false;plains;7
761;139;70;1;land;false;forest;7
762;135;42;1;land;false;plains;7
763;116;49;1;land;false;forest;7
764;117;59;1;land;false;plains;7
765;144;105;1;land;false;forest;7
766;157;93;1;land;false;forest;7
767;120;51;1;land;false;forest;7
768;54;232;1;land;false;forest;7
769;59;249;1;land;false;forest;7
770;47;194;1;land;true;forest;7
771;102;232;1;land;false;forest;7
772;80;234;1;land;true;forest;7
773;214;126;1;land;false;urban;7
774;229;71;1;land;false;urban;7
775;179;111;1;land;false;urban;7
776;175;100;1;land;false;forest;7
777;158;124;1;land;false;urban;7
778;202;69;1;land;false;forest;7
779;229;72;1;land;false;forest;7
780;155;68;1;land;false;urban;7
781;234;189;1;land;false;urban;7
782;247;163;1;land;false;urban;7
783;208;191;1;land;false;forest;7
784;47;26;1;land;false;urban;7
785;31;17;1;land;false;urban;7
786;39;43;1;land;false;forest;7
787;47;30;1;land;false;urban;7
788;102;47;1;land;false;forest;7
789;68;89;1;land;false;urban;7
790;168;156;1;land;false;plains;7
791;170;132;1;land;false;forest;7
792;210;202;1;land;false;forest;7
793;206;208;1;land;false;hills;7
794;159;164;1;land;false;plains;7
795;175;170;1;land;false;plains;7
796;193;195;1;land;false;forest;7
797;180;196;1;land;false;plains;7
798;198;139;1;land;false;forest;7
799;164;189;1;land;false;plains;7
800;198;147;1;land;false;plains;7
801;134;177;1;land;false;forest;7
802;146;136;1;land;false;plains;7
803;147;143;1;land;false;plains;7
804;228;8;1;land;false;plains;7
805;232;37;1;land;false;hills;7
806;218;14;1;land;false;plains;7
807;245;6;1;land;false;plains;7
808;222;40;1;land;false;plains;7
809;219;2;1;land;false;hills;7
810;245;60;1;land;false;plains;7
811;177;239;1;land;false;mountain;7
812;186;223;1;land;false;hills;7
813;198;252;1;land;true;hills;7
814;158;240;1;land;false;forest;7
815;176;232;1;land;true;hills;7
816;187;230;1;land;true;plains;7
817;185;234;1;land;false;mountain;7
818;184;239;1;land;false;mountain;7
819;225;16;1;land;false;plains;7
820;216;40;1;land;false;forest;7
821;218;34;1;land;false;forest;7
822;220;29;1;land;false;desert;7
823;236;21;1;land;false;plains;7
824;229;26;1;land;false;desert;7
825;189;26;1;land;false;desert;7
826;220;45;1;land;false;desert;7
827;198;43;1;land;false;forest;7
828;238;39;1;land;false;desert;7
829;217;0;1;land;false;desert;7
830;246;41;1;land;false;desert;7
831;204;27;1;land;false;hills;7
832;208;129;1;land;false;forest;7
833;223;110;1;land;false;forest;7
834;203;119;1;land;false;forest;7
835;74;232;1;land;false;forest;7
836;78;243;1;land;false;forest;7
837;93;77;1;land;false;plains;7
838;140;60;1;land;false;plains;7
839;119;58;1;land;false;plains;7
840;89;86;1;land;false;plains;7
841;93;73;1;land;false;plains;7
842;119;45;1;land;false;plains;7
843;133;73;1;land;false;plains;7
844;109;68;1;land;false;plains;7
845;96;220;1;land;true;forest;7
846;117;213;1;land;true;plains;7
847;147;216;1;land;true;forest;7
848;128;198;1;land;true;plains;7
849;136;208;1;land;true;forest;7
850;160;104;1;land;false;mountain;7
851;127;122;1;land;false;mountain;7
852;102;78;1;land;false;mountain;7
853;157;112;1;land;false;mountain;7
854;14;183;1;land;true;forest;7
855;68;239;1;land;false;urban;7
856;81;234;1;land;false;urban;7
857;36;195;1;land;false;forest;7
858;83;189;1;land;false;forest;7
859;55;213;1;land;true;forest;7
860;80;232;1;land;false;forest;7
861;15;215;1;land;false;forest;7
862;23;216;1;land;false;urban;7
863;86;64;1;land;false;forest;7
864;64;39;1;land;false;hills;7
865;38;49;1;land;false;mountain;7
866;40;79;1;land;false;mountain;7
867;40;97;1;land;false;forest;7
868;91;32;1;land;false;mountain;7
869;40;72;1;land;false;mountain;7
870;37;93;1;land;false;forest;7
871;92;77;1;land;false;forest;7
872;67;61;1;land;false;forest;7
873;23;73;1;land;false;hills;7
874;98;38;1;land;false;mountain;7
875;30;53;1;land;false;forest;7
876;89;41;1;land;false;forest;7
877;67;105;1;land;false;hills;7
878;66;62;1;land;false;mountain;7
879;87;35;1;land;false;forest;7
880;42;33;1;land;false;mountain;7
881;49;99;1;land;false;forest;7
882;74;90;1;land;false;hills;7
883;72;60;1;land;false;urban;7
884;85;84;1;land;false;forest;7
885;23;36;1;land;false;mountain;7
886;58;97;1;land;false;plains;7
887;38;105;1;land;false;forest;7
888;84;92;1;land;false;urban;7
889;103;153;1;land;false;urban;7
890;72;150;1;land;false;forest;7
891;73;166;1;land;false;plains;7
892;148;170;1;land;false;forest;7
893;73;143;1;land;false;forest;7
894;71;181;1;land;false;forest;7
895;108;148;1;land;false;forest;7
896;146;114;1;land;false;forest;7
897;84;106;1;land;false;urban;7
898;111;35;1;land;true;forest;7
899;152;36;1;land;true;forest;7
900;237;192;1;land;false;plains;7
901;232;210;1;land;false;plains;7
902;216;188;1;land;false;plains;7
903;217;251;1;land;false;plains;7
904;219;233;1;land;false;plains;7
905;240;194;1;land;false;plains;7
906;191;64;1;land;false;forest;7
907;83;62;1;land;true;forest;7
908;89;59;1;land;false;plains;7
909;77;74;1;land;false;urban;7
910;78;23;1;land;false;plains;7
911;172;106;1;land;false;forest;7
912;174;53;1;land;false;forest;7
913;134;53;1;land;false;urban;7
914;189;53;1;land;false;forest;7
915;114;44;1;land;false;forest;7
916;125;105;1;land;false;urban;7
917;171;78;1;land;false;forest;7
918;125;78;1;land;false;urban;7
919;117;100;1;land;false;urban;7
920;118;106;1;land;false;forest;7
921;177;198;1;land;false;forest;7
922;164;163;1;land;false;forest;7
923;121;166;1;land;false;forest;7
924;178;204;1;land;false;forest;7
925;133;224;1;land;false;forest;7
926;150;187;1;land;false;forest;7
927;182;175;1;land;false;urban;7
928;127;156;1;land;false;forest;7
929;174;207;1;land;false;urban;7
930;169;153;1;land;false;forest;7
931;66;14;1;land;false;forest;7
932;19;41;1;land;false;forest;7
933;12;51;1;land;true;urban;7
934;0;47;1;land;false;forest;7
935;31;42;1;land;false;forest;7
936;25;54;1;land;false;plains;7
937;61;148;1;land;true;forest;7
938;70;176;1;land;false;plains;7
939;72;122;1;land;false;forest;7
940;57;149;1;land;true;forest;7
941;92;167;1;land;false;forest;7
942;94;135;1;land;false;forest;7
943;40;187;1;land;false;plains;7
944;47;198;1;land;false;forest;7
945;48;155;1;land;false;forest;7
946;114;193;1;land;false;forest;7
947;106;166;1;land;false;urban;7
948;47;177;1;land;false;forest;7
949;240;17;1;land;false;forest;7
950;235;21;1;land;false;urban;7
951;207;24;1;land;false;forest;7
952;248;148;1;land;true;forest;7
953;239;147;1;land;true;forest;7
954;227;151;1;land;true;forest;7
955;214;132;1;land;false;forest;7
956;202;158;1;land;false;plains;7
957;202;147;1;land;true;forest;7
958;209;90;1;land;false;forest;7
959;230;21;1;land;false;forest;7
960;216;46;1;land;false;urban;7
961;236;40;1;land;false;urban;7
962;240;19;1;land;false;urban;7
963;215;98;1;land;false;forest;7
964;251;108;1;land;false;forest;7
965;243;105;1;land;false;plains;7
966;131;241;1;land;false;forest;7
967;145;222;1;land;false;forest;7
968;177;228;1;land;false;forest;7
969;195;226;1;land;false;forest;7
970;152;226;1;land;false;plains;7
971;166;231;1;land;false;forest;7
972;198;229;1;land;false;forest;7
973;122;216;1;land;false;forest;7
974;186;242;1;land;false;forest;7
975;165;221;1;land;false;forest;7
976;150;75;1;land;true;forest;7
977;185;136;1;land;true;plains;7
978;148;85;1;land;true;plains;7
979;173;69;1;land;false;urban;7
980;146;151;1;land;false;urban;7
981;144;159;1;land;false;forest;7
982;201;143;1;land;false;urban;7
983;202;166;1;land;false;forest;7
984;176;135;1;land;false;urban;7
985;235;23;1;land;false;forest;7
986;221;16;1;land;false;forest;7
987;241;30;1;land;false;forest;7
988;81;131;1;land;false;forest;7
989;134;178;1;land;false;urban;7
990;14;82;1;land;false;forest;7
991;15;93;1;land;false;urban;7
992;12;119;1;land;false;forest;7
993;28;78;1;land;false;forest;7
994;3;85;1;land;false;forest;7
995;40;82;1;land;false;forest;7
996;31;132;1;land;false;forest;7
997;19;139;1;land;false;forest;7
998;48;85;1;land;false;forest;7
999;48;90;1;land;false;forest;7
1000;39;74;1;land;false;forest;7
1001;4;89;1;land;false;forest;7
1002;17;149;1;land;false;forest;7
1003;6;84;1;land;false;forest;7
1004;21;131;1;land;false;forest;7
1005;37;237;1;land;false;forest;7
1006;6;240;1;land;false;forest;7
1007;52;244;1;land;false;forest;7
1008;9;242;1;land;false;forest;7
1009;34;239;1;land;false;forest;7
1010;60;104;1;land;false;plains;7
1011;41;116;1;land;false;hills;7
1012;204;60;1;land;false;forest;7
1013;216;95;1;land;false;forest;7
1014;177;103;1;land;false;urban;7
1015;222;66;1;land;false;forest;7
1016;201;50;1;land;false;urban;7
1017;203;56;1;land;false;forest;7
1018;192;60;1;land;false;forest;7
1019;212;129;1;land;false;plains;7
1020;233;97;1;land;false;forest;7
1021;214;110;1;land;false;forest;7
1022;206;165;1;land;false;forest;7
1023;198;206;1;land;false;urban;7
1024;213;167;1;land;false;forest;7
1025;222;222;1;land;false;forest;7
1026;76;69;1;land;true;forest;7
1027;26;23;1;land;true;jungle;7
1028;19;51;1;land;false;urban;7
1029;23;23;1;land;true;forest;7
1030;61;11;1;land;false;urban;7
1031;29;64;1;land;false;plains;7
1032;72;55;1;land;true;forest;7
1033;195;22;1;land;false;forest;7
1034;251;8;1;land;false;urban;7
1035;195;35;1;land;false;forest;7
1036;201;43;1;land;false;urban;7
1037;214;48;1;land;false;forest;7
1038;214;46;1;land;false;urban;7
1039;250;46;1;land;false;forest;7
1040;45;17;1;land;false;forest;7
1041;5;28;1;land;false;urban;7
1042;11;29;1;land;false;plains;7
1043;31;18;1;land;false;forest;7
1044;34;46;1;land;false;forest;7
1045;40;57;1;land;false;forest;7
1046;11;17;1;land;false;forest;7
1047;8;28;1;land;false;urban;7
1048;10;14;1;land;false;forest;7
1049;12;52;1;land;false;urban;7
1050;22;15;1;land;false;forest;7
1051;22;19;1;land;false;plains;7
1052;52;53;1;land;false;forest;7
1053;6;125;1;land;false;forest;7
1054;23;167;1;land;false;forest;7
1055;50;140;1;land;false;forest;7
1056;5;108;1;land;false;forest;7
1057;49;153;1;land;false;forest;7
1058;54;251;1;land;false;hills;7
1059;107;211;1;land;false;hills;7
1060;110;210;1;land;false;forest;7
1061;81;191;1;land;false;forest;7
1062;231;16;1;land;false;forest;7
1063;251;65;1;land;false;urban;7
1064;215;205;1;land;false;forest;7
1065;218;189;1;land;false;forest;7
1066;254;163;1;land;false;urban;7
1067;231;210;1;land;false;forest;7
1068;245;215;1;land;false;forest;7
1069;216;186;1;land;false;forest;7
1070;230;162;1;land;false;forest;7
1071;225;180;1;land;false;urban;7
1072;42;41;1;land;true;forest;7
1073;90;170;1;land;false;forest;7
1074;101;134;1;land;false;forest;7
1075;167;188;1;land;false;urban;7
1076;143;146;1;land;false;urban;7
1077;136;135;1;land;false;forest;7
1078;163;115;1;land;false;forest;7
1079;92;174;1;land;false;urban;7
1080;141;41;1;land;false;jungle;7
1081;166;35;1;land;true;forest;7
1082;123;1;1;land;true;plains;7
1083;111;26;1;land;true;plains;7
1084;165;8;1;land;true;jungle;7
1085;165;34;1;land;true;forest;7
1086;102;31;1;land;false;urban;7
1087;122;44;1;land;false;forest;7
1088;176;4;1;land;true;forest;7
1089;158;133;1;land;false;forest;7
1090;201;151;1;land;false;forest;7
1091;141;143;1;land;false;forest;7
1092;186;156;1;land;false;forest;7
1093;178;163;1;land;false;urban;7
1094;162;142;1;land;false;forest;7
1095;143;62;1;land;false;forest;7
1096;55;141;1;land;true;forest;7
1097;36;159;1;land;true;forest;7
1098;75;134;1;land;false;forest;7
1099;45;155;1;land;true;forest;7
1100;12;95;1;land;false;forest;7
1101;54;98;1;land;true;forest;7
1102;43;108;1;land;false;urban;7
1103;63;119;1;land;true;forest;7
1104;41;140;1;land;false;forest;7
1105;76;128;1;land;true;plains;7
1106;11;123;1;land;false;forest;7
1107;58;85;1;land;false;forest;7
1108;25;251;1;land;false;hills;7
1109;82;252;1;land;false;plains;7
1110;45;243;1;land;false;plains;7
1111;40;238;1;land;false;plains;7
1112;75;235;1;land;false;plains;7
1113;17;199;1;land;false;plains;7
1114;20;228;1;land;false;plains;7
1115;28;208;1;land;false;plains;7
1116;49;141;1;land;true;forest;7
1117;74;247;1;land;true;forest;7
1118;62;238;1;land;false;forest;7
1119;99;227;1;land;true;forest;7
1120;100;213;1;land;false;urban;7
1121;95;129;1;land;true;forest;7
1122;95;133;1;land;true;forest;7
1123;137;16;1;land;false;forest;7
1124;124;37;1;land;false;urban;7
1125;94;8;1;land;false;forest;7
1126;228;66;1;land;false;forest;7
1127;228;73;1;land;false;forest;7
1128;228;74;1;land;true;forest;7
1129;217;117;1;land;false;urban;7
1130;252;112;1;land;false;forest;7
1131;230;66;1;land;false;urban;7
1132;226;124;1;land;false;forest;7
1133;155;72;1;land;false;mountain;7
1134;156;84;1;land;true;hills;7
1135;149;57;1;land;true;forest;7
1136;190;39;1;land;false;plains;7
1137;143;43;1;land;true;hills;7
1138;172;45;1;land;true;hills;7
1139;177;50;1;land;false;plains;7
1140;184;85;1;land;true;forest;7
1141;199;105;1;land;true;forest;7
1142;196;215;1;land;true;plains;7
1143;165;210;1;land;true;forest;7
1144;179;227;1;land;false;hills;7
1145;192;184;1;land;false;hills;7
1146;253;203;1;land;false;plains;7
1147;211;244;1;land;true;forest;7
1148;183;218;1;land;false;hills;7
1149;245;206;1;land;false;plains;7
1150;200;173;1;land;false;plains;7
1151;218;200;1;land;false;hills;7
1152;179;215;1;land;false;hills;7
1153;252;210;1;land;false;plains;7
1154;222;199;1;land;false;mountain;7
1155;191;228;1;land;false;hills;7
1156;253;179;1;land;false;plains;7
1157;190;233;1;land;false;hills;7
1158;193;179;1;land;false;hills;7
1159;244;178;1;land;false;plains;7
1160;243;168;1;land;false;plains;7
1161;194;217;1;land;false;hills;7
1162;216;180;1;land;false;hills;7
1163;208;212;1;land;false;plains;7
1164;210;208;1;land;false;plains;7
1165;214;230;1;land;false;hills;7
1166;239;237;1;land;true;forest;7
1167;248;176;1;land;false;mountain;7
1168;122;126;1;land;true;hills;7
1169;136;232;1;land;true;forest;7
1170;155;216;1;land;true;urban;7
1171;138;251;1;land;true;forest;7
1172;144;223;1;land;true;forest;7
1173;117;207;1;land;true;forest;7
1174;204;131;1;land;false;forest;7
1175;195;122;1;land;false;forest;7
1176;129;232;1;land;false;forest;7
1177;67;235;1;land;false;forest;7
1178;96;187;1;land;false;forest;7
1179;74;233;1;land;false;forest;7
1180;135;242;1;land;false;forest;7
1181;89;188;1;land;false;forest;7
1182;89;246;1;land;false;forest;7
1183;231;224;1;land;false;forest;7
1184;252;191;1;land;false;urban;7
1185;253;202;1;land;false;forest;7
1186;223;191;1;land;false;urban;7
1187;253;214;1;land;false;forest;7
1188;247;218;1;land;false;forest;7
1189;208;205;1;land;false;forest;7
1190;253;224;1;land;false;urban;7
1191;227;222;1;land;false;forest;7
1192;70;92;1;land;false;hills;7
1193;10;54;1;land;false;hills;7
1194;45;48;1;land;false;hills;7
1195;6;23;1;land;false;forest;7
1196;45;53;1;land;false;plains;7
1197;29;24;1;land;false;hills;7
1198;50;52;1;land;false;mountain;7
1199;3;36;1;land;false;hills;7
1200;9;53;1;land;false;hills;7
1201;72;73;1;land;false;plains;7
1202;52;40;1;land;false;hills;7
1203;68;31;1;land;false;hills;7
1204;42;27;1;land;false;hills;7
1205;30;44;1;land;false;hills;7
1206;59;83;1;land;false;hills;7
1207;18;58;1;land;false;hills;7
1208;16;32;1;land;false;mountain;7
1209;6;88;1;land;false;mountain;7
1210;27;62;1;land;false;forest;7
1211;4;19;1;land;false;hills;7
1212;24;27;1;land;false;mountain;7
1213;39;42;1;land;false;mountain;7
1214;14;24;1;land;false;hills;7
1215;45;21;1;land;false;plains;7
1216;27;53;1;land;false;hills;7
1217;13;81;1;land;false;hills;7
1218;205;53;1;land;false;forest;7
1219;193;25;1;land;false;forest;7
1220;198;18;1;land;false;forest;7
1221;153;28;1;land;false;forest;7
1222;196;35;1;land;false;forest;7
1223;131;37;1;land;false;forest;7
1224;38;159;1;land;false;forest;7
1225;33;117;1;land;false;urban;7
1226;242;94;1;land;true;jungle;7
1227;184;72;1;land;true;urban;7
1228;195;135;1;land;false;urban;7
1229;232;101;1;land;false;forest;7
1230;180;142;1;land;false;forest;7
1231;187;91;1;land;false;forest;7
1232;193;249;1;land;false;plains;7
1233;178;247;1;land;false;plains;7
1234;136;251;1;land;false;plains;7
1235;169;217;1;land;false;plains;7
1236;129;230;1;land;false;plains;7
1237;162;201;1;land;false;plains;7
1238;174;211;1;land;false;plains;7
1239;169;245;1;land;false;plains;7
1240;137;240;1;land;false;plains;7
1241;185;245;1;land;false;plains;7
1242;191;237;1;land;false;plains;7
1243;168;242;1;land;false;plains;7
1244;176;248;1;land;false;plains;7
1245;130;199;1;land;false;plains;7
1246;124;215;1;land;false;plains;7
1247;61;233;1;land;false;forest;7
1248;62;208;1;land;false;forest;7
1249;50;231;1;land;false;forest;7
1250;92;62;1;land;false;urban;7
1251;86;51;1;land;false;urban;7
1252;67;32;1;land;false;forest;7
1253;119;44;1;land;false;plains;7
1254;94;98;1;land;false;forest;7
1255;78;108;1;land;false;forest;7
1256;119;110;1;land;false;forest;7
1257;77;31;1;land;false;hills;7
1258;126;161;1;land;false;plains;7
1259;106;125;1;land;false;plains;7
1260;125;154;1;land;false;plains;7
1261;113;95;1;land;false;plains;7
1262;113;146;1;land;false;plains;7
1263;94;117;1;land;false;plains;7
1264;118;148;1;land;false;plains;7
1265;168;3;1;land;true;forest;7
1266;135;15;1;land;true;forest;7
1267;12;229;1;land;true;forest;7
1268;95;199;1;land;false;mountain;7
1269;48;228;1;land;false;plains;7
1270;88;217;1;land;false;plains;7
1271;54;224;1;land;false;plains;7
1272;83;242;1;land;false;mountain;7
1273;28;243;1;land;false;plains;7
1274;95;240;1;land;false;plains;7
1275;101;227;1;land;false;hills;7
1276;40;235;1;land;false;plains;7
1277;69;230;1;land;false;plains;7
1278;31;210;1;land;false;plains;7
1279;34;247;1;land;false;mountain;7
1280;72;239;1;land;false;plains;7
1281;100;236;1;land;false;plains;7
1282;81;254;1;land;false;plains;7
1283;33;228;1;land;false;plains;7
1284;78;226;1;land;false;plains;7
1285;29;232;1;land;false;plains;7
1286;96;230;1;land;false;mountain;7
1287;35;201;1;land;false;mountain;7
1288;71;213;1;land;false;plains;7
1289;81;230;1;land;false;hills;7
1290;75;196;1;land;false;plains;7
1291;33;214;1;land;false;plains;7
1292;76;196;1;land;false;plains;7
1293;47;235;1;land;false;mountain;7
1294;50;250;1;land;false;plains;7
1295;29;197;1;land;false;plains;7
1296;102;202;1;land;false;mountain;7
1297;211;55;1;land;false;forest;7
1298;173;45;1;land;false;forest;7
1299;139;80;1;land;false;forest;7
1300;133;62;1;land;false;forest;7
1301;135;79;1;land;false;forest;7
1302;190;206;1;land;true;forest;7
1303;153;206;1;land;true;urban;7
1304;169;150;1;land;false;urban;7
1305;177;186;1;land;true;forest;7
1306;120;152;1;land;false;urban;7
1307;171;140;1;land;false;forest;7
1308;133;214;1;land;true;forest;7
1309;153;219;1;land;true;forest;7
1310;134;163;1;land;false;hills;7
1311;140;192;1;land;true;hills;7
1312;155;163;1;land;true;hills;7
1313;148;183;1;land;false;hills;7
1314;144;181;1;land;true;plains;7
1315;187;37;1;land;false;forest;7
1316;191;110;1;land;false;plains;7
1317;190;80;1;land;false;urban;7
1318;63;139;1;land;false;plains;7
1319;128;196;1;land;false;urban;7
1320;132;130;1;land;false;forest;7
1321;95;201;1;land;false;forest;7
1322;235;136;1;land;false;forest;7
1323;247;144;1;land;false;forest;7
1324;14;169;1;land;false;forest;7
1325;37;139;1;land;false;forest;7
1326;32;121;1;land;false;mountain;7
1327;8;132;1;land;false;mountain;7
1328;51;131;1;land;true;forest;7
1329;5;112;1;land;false;forest;7
1330;23;147;1;land;false;forest;7
1331;59;145;1;land;false;forest;7
1332;49;121;1;land;false;urban;7
1333;28;131;1;land;false;mountain;7
1334;22;120;1;land;false;hills;7
1335;20;101;1;land;false;hills;7
1336;37;106;1;land;false;plains;7
1337;22;158;1;land;false;forest;7
1338;37;168;1;land;false;forest;7
1339;31;161;1;land;false;urban;7
1340;15;130;1;land;true;plains;7
1341;120;74;1;land;false;plains;7
1342;157;56;1;land;false;forest;7
1343;148;56;1;land;false;urban;7
1344;187;249;1;land;false;hills;7
1345;187;214;1;land;false;mountain;7
1346;185;237;1;land;false;mountain;7
1347;213;239;1;land;false;mountain;7
1348;179;138;1;land;true;forest;7
1349;119;38;1;land;true;forest;7
1350;173;24;1;land;true;forest;7
1351;169;12;1;land;true;forest;7
1352;115;8;1;land;true;forest;7
1353;128;20;1;land;true;forest;7
1354;139;28;1;land;true;forest;7
1355;120;10;1;land;true;forest;7
1356;147;2;1;land;true;forest;7
1357;143;5;1;land;false;forest;7
1358;136;155;1;land;false;forest;7
1359;201;140;1;land;false;urban;7
1360;180;130;1;land;false;plains;7
1361;182;161;1;land;false;forest;7
1362;192;147;1;land;false;forest;7
1363;125;162;1;land;false;urban;7
1364;184;176;1;land;false;plains;7
1365;157;176;1;land;false;forest;7
1366;4;150;1;land;false;forest;7
1367;74;95;1;land;false;urban;7
1368;67;126;1;land;false;plains;7
1369;56;135;1;land;false;urban;7
1370;62;100;1;land;false;plains;7
1371;11;116;1;land;false;forest;7
1372;16;134;1;land;false;forest;7
1373;3;88;1;land;false;forest;7
1374;132;216;1;land;false;forest;7
1375;95;245;1;land;false;urban;7
1376;58;242;1;land;false;urban;7
1377;96;211;1;land;false;forest;7
1378;106;207;1;land;false;forest;7
1379;53;249;1;land;false;urban;7
1380;62;205;1;land;false;urban;7
1381;88;210;1;land;false;forest;7
1382;81;204;1;land;false;forest;7
1383;125;230;1;land;false;forest;7
1384;86;225;1;land;false;forest;7
1385;29;253;1;land;false;forest;7
1386;22;190;1;land;true;urban;7
1387;35;204;1;land;false;forest;7
1388;42;191;1;land;true;forest;7
1389;22;184;1;land;false;urban;7
1390;41;218;1;land;true;forest;7
1391;238;109;1;land;false;urban;7
1392;212;66;1;land;false;forest;7
1393;247;107;1;land;false;forest;7
1394;252;134;1;land;false;mountain;7
1395;216;124;1;land;false;forest;7
1396;207;106;1;land;false;mountain;7
1397;229;64;1;land;false;mountain;7
1398;249;77;1;land;false;mountain;7
1399;207;96;1;land;false;hills;7
1400;253;67;1;land;false;forest;7
1401;235;77;1;land;false;urban;7
1402;225;122;1;land;false;mountain;7
1403;250;95;1;land;false;plains;7
1404;250;128;1;land;false;forest;7
1405;220;131;1;land;false;forest;7
1406;241;104;1;land;false;mountain;7
1407;232;108;1;land;false;forest;7
1408;252;102;1;land;false;plains;7
1409;242;135;1;land;false;forest;7
1410;209;73;1;land;false;mountain;7
1411;238;70;1;land;false;mountain;7
1412;248;71;1;land;false;forest;7
1413;220;127;1;land;false;mountain;7
1414;204;71;1;land;false;plains;7
1415;70;212;1;land;false;forest;7
1416;28;230;1;land;false;forest;7
1417;41;187;1;land;false;forest;7
1418;78;213;1;land;false;forest;7
1419;51;207;1;land;false;forest;7
1420;29;216;1;land;false;forest;7
1421;57;251;1;land;false;forest;7
1422;13;194;1;land;false;forest;7
1423;18;248;1;land;false;forest;7
1424;23;252;1;land;false;urban;7
1425;200;162;1;land;false;forest;7
1426;209;217;1;land;false;forest;7
1427;185;196;1;land;true;urban;7
1428;170;190;1;land;false;forest;7
1429;170;188;1;land;false;urban;7
1430;210;219;1;land;false;forest;7
1431;230;65;1;land;false;forest;7
1432;165;112;1;land;false;forest;7
1433;191;118;1;land;true;forest;7
1434;190;71;1;land;true;forest;7
1435;212;61;1;land;false;forest;7
1436;213;98;1;land;true;forest;7
1437;236;111;1;land;false;urban;7
1438;97;9;1;land;false;forest;7
1439;74;10;1;land;false;urban;7
1440;110;15;1;land;false;forest;7
1441;116;46;1;land;false;forest;7
1442;53;16;1;land;false;urban;7
1443;112;8;1;land;false;forest;7
1444;62;32;1;land;false;forest;7
1445;43;8;1;land;false;forest;7
1446;128;136;1;land;true;forest;7
1447;100;124;1;land;true;forest;7
1448;153;184;1;land;false;forest;7
1449;119;184;1;land;false;forest;7
1450;98;165;1;land;false;urban;7
1451;102;158;1;land;false;forest;7
1452;122;131;1;land;false;urban;7
1453;220;4;1;land;false;forest;7
1454;245;23;1;land;false;forest;7
1455;228;53;1;land;false;forest;7
1456;253;15;1;land;false;forest;7
1457;58;37;1;land;false;plains;7
1458;0;26;1;land;false;plains;7
1459;53;31;1;land;false;plains;7
1460;43;25;1;land;false;plains;7
1461;47;2;1;land;false;plains;7
1462;10;0;1;land;false;plains;7
1463;72;13;1;land;false;plains;7
1464;3;32;1;land;false;plains;7
1465;42;10;1;land;false;plains;7
1466;6;37;1;land;false;plains;7
1467;65;220;1;land;false;forest;7
1468;41;178;1;land;false;forest;7
1469;70;88;1;land;false;forest;7
1470;56;97;1;land;false;forest;7
1471;48;56;1;land;false;urban;7
1472;93;67;1;land;false;urban;7
1473;89;109;1;land;false;forest;7
1474;89;100;1;land;false;forest;7
1475;139;59;1;land;false;hills;7
1476;101;49;1;land;false;forest;7
1477;90;80;1;land;false;forest;7
1478;129;51;1;land;false;hills;7
1479;86;59;1;land;false;urban;7
1480;133;39;1;land;false;forest;7
1481;251;69;1;land;false;forest;7
1482;250;35;1;land;false;urban;7
1483;234;8;1;land;false;forest;7
1484;207;4;1;land;false;forest;7
1485;65;89;1;land;false;forest;7
1486;27;17;1;land;false;forest;7
1487;59;89;1;land;false;forest;7
1488;21;86;1;land;false;forest;7
1489;236;61;1;land;false;hills;7
1490;188;21;1;land;false;mountain;7
1491;170;53;1;land;false;plains;7
1492;171;59;1;land;false;plains;7
1493;242;20;1;land;false;mountain;7
1494;212;3;1;land;false;hills;7
1495;205;11;1;land;false;plains;7
1496;177;18;1;land;false;plains;7
1497;235;37;1;land;false;plains;7
1498;195;62;1;land;false;plains;7
1499;217;63;1;land;false;hills;7
1500;215;32;1;land;false;plains;7
1501;227;59;1;land;false;hills;7
1502;202;60;1;land;false;mountain;7
1503;229;57;1;land;false;hills;7
1504;167;22;1;land;false;forest;7
1505;241;27;1;land;false;plains;7
1506;190;4;1;land;false;plains;7
1507;201;3;1;land;false;urban;7
1508;227;18;1;land;false;plains;7
1509;171;9;1;land;false;plains;7
1510;223;27;1;land;false;plains;7
1511;238;23;1;land;false;mountain;7
1512;190;18;1;land;false;desert;7
1513;227;39;1;land;false;hills;7
1514;195;50;1;land;false;hills;7
1515;223;50;1;land;true;hills;7
1516;239;14;1;land;true;forest;7
1517;244;8;1;land;false;hills;7
1518;200;46;1;land;false;plains;7
1519;191;58;1;land;false;mountain;7
1520;226;63;1;land;false;desert;7
1521;218;5;1;land;false;plains;7
1522;202;58;1;land;false;plains;7
1523;239;57;1;land;false;desert;7
1524;220;5;1;land;false;hills;7
1525;224;54;1;land;false;hills;7
1526;211;43;1;land;false;mountain;7
1527;194;42;1;land;false;hills;7
1528;177;56;1;land;false;plains;7
1529;235;50;1;land;false;desert;7
1530;240;48;1;land;false;plains;7
1531;215;26;1;land;false;plains;7
1532;176;35;1;land;false;hills;7
1533;188;59;1;land;false;hills;7
1534;220;53;1;land;false;plains;7
1535;198;16;1;land;false;hills;7
1536;200;32;1;land;false;plains;7
1537;219;43;1;land;false;plains;7
1538;194;48;1;land;false;plains;7
1539;238;48;1;land;false;mountain;7
1540;228;54;1;land;false;plains;7
1541;208;49;1;land;false;mountain;7
1542;209;50;1;land;false;plains;7
1543;148;238;1;land;false;jungle;7
1544;106;225;1;land;false;forest;7
1545;118;232;1;land;false;forest;7
1546;59;95;1;land;false;forest;7
1547;65;134;1;land;false;forest;7
1548;91;123;1;land;false;forest;7
1549;107;118;1;land;false;urban;7
1550;61;149;1;land;false;forest;7
1551;125;114;1;land;false;forest;7
1552;69;152;1;land;false;forest;7
1553;106;115;1;land;false;forest;7
1554;90;232;1;land;false;forest;7
1555;128;235;1;land;false;forest;7
1556;179;109;1;land;true;forest;7
1557;160;126;1;land;true;jungle;7
1558;131;113;1;land;false;forest;7
1559;167;115;1;land;false;urban;7
1560;134;119;1;land;false;forest;7
1561;84;82;1;land;true;forest;7
1562;83;113;1;land;false;urban;7
1563;28;98;1;land;false;forest;7
1564;32;90;1;land;false;urban;7
1565;233;166;1;land;true;forest;7
1566;179;171;1;land;false;forest;7
1567;169;188;1;land;false;forest;7
1568;240;204;1;land;false;forest;7
1569;238;211;1;land;true;forest;7
1570;219;162;1;land;false;forest;7
1571;183;168;1;land;false;urban;7
1572;192;167;1;land;false;urban;7
1573;165;161;1;land;true;jungle;7
1574;219;161;1;land;true;forest;7
1575;214;156;1;land;false;jungle;7
1576;223;184;1;land;false;forest;7
1577;75;27;1;land;false;forest;7
1578;76;43;1;land;false;urban;7
1579;120;35;1;land;false;forest;7
1580;120;166;1;land;false;forest;7
1581;143;135;1;land;false;forest;7
1582;157;160;1;land;false;forest;7
1583;86;194;1;land;false;forest;7
1584;80;148;1;land;true;forest;7
1585;150;130;1;land;false;forest;7
1586;136;177;1;land;false;urban;7
1587;131;143;1;land;false;forest;7
1588;167;40;1;land;false;hills;7
1589;116;72;1;land;false;plains;7
1590;138;44;1;land;false;forest;7
1591;152;71;1;land;false;jungle;7
1592;181;25;1;land;false;plains;7
1593;139;242;1;land;false;plains;7
1594;209;203;1;land;false;plains;7
1595;168;223;1;land;false;plains;7
1596;173;249;1;land;false;plains;7
1597;179;210;1;land;false;plains;7
1598;187;252;1;land;false;plains;7
1599;136;216;1;land;false;hills;7
1600;209;245;1;land;false;plains;7
1601;149;246;1;land;false;plains;7
1602;178;239;1;land;false;hills;7
1603;172;236;1;land;false;plains;7
1604;192;245;1;land;false;plains;7
1605;175;238;1;land;false;hills;7
1606;156;205;1;land;false;plains;7
1607;200;16;1;land;true;plains;7
1608;221;3;1;land;false;forest;7
1609;200;22;1;land;false;forest;7
1610;238;32;1;land;true;urban;7
1611;234;35;1;land;true;forest;7
1612;221;28;1;land;false;forest;7
1613;236;7;1;land;true;plains;7
1614;214;102;1;land;false;plains;7
1615;238;93;1;land;false;forest;7
1616;213;85;1;land;false;forest;7
1617;203;141;1;land;false;plains;7
1618;238;86;1;land;false;forest;7
1619;194;116;1;land;false;forest;7
1620;95;85;1;land;false;plains;7
1621;94;104;1;land;true;forest;7
1622;87;109;1;land;false;desert;7
1623;97;67;1;land;true;plains;7
1624;137;78;1;land;true;forest;7
1625;74;96;1;land;false;plains;7
1626;76;94;1;land;false;plains;7
1627;99;55;1;land;true;plains;7
1628;31;162;1;land;false;desert;7
1629;1;156;1;land;false;plains;7
1630;38;220;1;land;false;urban;7
1631;1;153;1;land;false;plains;7
1632;20;216;1;land;false;desert;7
1633;46;167;1;land;false;plains;7
1634;45;168;1;land;false;plains;7
1635;9;217;1;land;false;desert;7
1636;21;153;1;land;false;plains;7
1637;46;150;1;land;false;plains;7
1638;9;148;1;land;false;plains;7
1639;13;171;1;land;false;plains;7
1640;13;180;1;land;false;desert;7
1641;46;215;1;land;false;desert;7
1642;11;199;1;land;false;plains;7
1643;35;148;1;land;false;plains;7
1644;20;199;1;land;false;plains;7
1645;6;209;1;land;false;urban;7
1646;44;174;1;land;false;desert;7
1647;46;197;1;land;false;plains;7
1648;37;226;1;land;false;plains;7
1649;33;215;1;land;false;desert;7
1650;11;172;1;land;false;desert;7
1651;8;182;1;land;false;desert;7
1652;9;191;1;land;false;plains;7
1653;18;226;1;land;false;plains;7
1654;18;169;1;land;false;plains;7
1655;45;224;1;land;false;plains;7
1656;18;165;1;land;false;plains;7
1657;23;190;1;land;false;desert;7
1658;0;179;1;land;false;plains;7
1659;12;166;1;land;false;plains;7
1660;38;164;1;land;false;desert;7
1661;22;152;1;land;false;desert;7
1662;14;161;1;land;false;plains;7
1663;22;206;1;land;false;plains;7
1664;11;225;1;land;false;plains;7
1665;4;184;1;land;false;plains;7
1666;11;186;1;land;false;plains;7
1667;37;184;1;land;false;forest;7
1668;21;190;1;land;false;desert;7
1669;22;199;1;land;false;plains;7
1670;14;172;1;land;false;desert;7
1671;23;149;1;land;false;plains;7
1672;30;213;1;land;false;plains;7
1673;32;223;1;land;false;plains;7
1674;9;208;1;land;false;desert;7
1675;4;205;1;land;false;desert;7
1676;20;196;1;land;false;plains;7
1677;13;185;1;land;false;plains;7
1678;8;222;1;land;false;plains;7
1679;16;223;1;land;false;desert;7
1680;1;198;1;land;false;plains;7
1681;38;214;1;land;false;plains;7
1682;6;189;1;land;false;desert;7
1683;7;196;1;land;false;plains;7
1684;37;192;1;land;false;plains;7
1685;6;153;1;land;false;plains;7
1686;29;165;1;land;false;desert;7
1687;14;160;1;land;false;plains;7
1688;1;169;1;land;false;plains;7
1689;14;199;1;land;false;plains;7
1690;11;162;1;land;false;plains;7
1691;10;200;1;land;false;plains;7
1692;14;222;1;land;false;desert;7
1693;20;178;1;land;false;urban;7
1694;31;190;1;land;false;desert;7
1695;22;197;1;land;false;plains;7
1696;17;202;1;land;false;plains;7
1697;29;206;1;land;false;plains;7
1698;20;197;1;land;false;desert;7
1699;44;175;1;land;false;plains;7
1700;32;163;1;land;false;plains;7
1701;31;159;1;land;false;plains;7
1702;9;156;1;land;false;plains;7
1703;37;182;1;land;false;plains;7
1704;44;185;1;land;false;plains;7
1705;38;194;1;land;false;plains;7
1706;17;166;1;land;false;plains;7
1707;43;226;1;land;false;desert;7
1708;13;184;1;land;false;plains;7
1709;26;164;1;land;false;plains;7
1710;34;193;1;land;false;plains;7
1711;29;185;1;land;false;desert;7
1712;6;155;1;land;false;plains;7
1713;11;222;1;land;false;plains;7
1714;20;218;1;land;false;hills;7
1715;18;236;1;land;false;hills;7
1716;19;190;1;land;false;plains;7
1717;52;184;1;land;false;hills;7
1718;76;169;1;land;false;plains;7
1719;81;168;1;land;false;hills;7
1720;81;181;1;land;false;mountain;7
1721;30;235;1;land;false;hills;7
1722;13;224;1;land;false;mountain;7
1723;39;228;1;land;false;mountain;7
1724;51;175;1;land;false;mountain;7
1725;60;224;1;land;false;mountain;7
1726;67;218;1;land;false;plains;7
1727;36;200;1;land;false;hills;7
1728;22;225;1;land;false;plains;7
1729;16;202;1;land;false;plains;7
1730;30;161;1;land;false;mountain;7
1731;50;239;1;land;false;hills;7
1732;16;162;1;land;false;plains;7
1733;28;238;1;land;false;mountain;7
1734;33;177;1;land;false;plains;7
1735;10;187;1;land;false;plains;7
1736;65;216;1;land;false;hills;7
1737;18;162;1;land;false;hills;7
1738;76;197;1;land;false;mountain;7
1739;42;205;1;land;false;plains;7
1740;56;214;1;land;false;hills;7
1741;87;212;1;land;false;plains;7
1742;40;225;1;land;false;hills;7
1743;76;193;1;land;false;hills;7
1744;45;190;1;land;false;mountain;7
1745;33;169;1;land;false;mountain;7
1746;21;166;1;land;false;hills;7
1747;38;200;1;land;false;hills;7
1748;43;180;1;land;false;plains;7
1749;72;221;1;land;false;mountain;7
1750;48;214;1;land;false;mountain;7
1751;74;195;1;land;false;mountain;7
1752;49;230;1;land;false;hills;7
1753;14;236;1;land;false;mountain;7
1754;58;189;1;land;false;plains;7
1755;64;193;1;land;false;hills;7
1756;71;177;1;land;false;hills;7
1757;36;184;1;land;false;mountain;7
1758;58;199;1;land;false;mountain;7
1759;37;198;1;land;false;hills;7
1760;62;176;1;land;false;mountain;7
1761;84;185;1;land;false;hills;7
1762;24;195;1;land;false;plains;7
1763;40;218;1;land;false;mountain;7
1764;41;239;1;land;false;mountain;7
1765;197;160;1;land;false;forest;7
1766;240;173;1;land;false;forest;7
1767;152;177;1;land;true;forest;7
1768;186;153;1;land;false;urban;7
1769;63;87;1;land;false;forest;7
1770;57;146;1;land;false;forest;7
1771;48;131;1;land;false;forest;7
1772;81;2;1;land;false;forest;7
1773;91;28;1;land;false;forest;7
1774;45;14;1;land;false;urban;7
1775;76;31;1;land;false;forest;7
1776;30;17;1;land;false;forest;7
1777;77;17;1;land;false;urban;7
1778;58;20;1;land;true;forest;7
1779;149;149;1;land;false;hills;7
1780;140;111;1;land;true;hills;7
1781;163;207;1;land;true;forest;7
1782;164;239;1;land;true;forest;7
1783;233;202;1;land;true;urban;7
1784;213;253;1;land;false;forest;7
1785;209;243;1;land;true;forest;7
1786;218;222;1;land;false;forest;7
1787;208;211;1;land;false;forest;7
1788;216;249;1;land;false;forest;7
1789;80;61;1;land;false;forest;7
1790;91;87;1;land;true;forest;7
1791;22;229;1;land;false;forest;7
1792;40;230;1;land;false;forest;7
1793;57;224;1;land;false;forest;7
1794;50;158;1;land;false;forest;7
1795;31;212;1;land;false;forest;7
1796;87;205;1;land;false;forest;7
1797;31;170;1;land;false;forest;7
1798;144;86;1;land;true;forest;7
1799;185;80;1;land;true;forest;7
1800;133;63;1;land;false;plains;7
1801;154;40;1;land;true;plains;7
1802;34;56;1;land;false;forest;7
1803;17;54;1;land;false;forest;7
1804;48;67;1;land;false;urban;7
1805;33;94;1;land;false;forest;7
1806;202;7;1;land;false;forest;7
1807;197;6;1;land;false;forest;7
1808;251;33;1;land;false;forest;7
1809;191;2;1;land;false;forest;7
1810;227;118;1;land;false;plains;7
1811;228;126;1;land;false;plains;7
1812;209;110;1;land;false;plains;7
1813;193;151;1;land;false;plains;7
1814;209;152;1;land;false;plains;7
1815;233;118;1;land;false;plains;7
1816;251;112;1;land;false;plains;7
1817;209;111;1;land;false;plains;7
1818;231;170;1;land;false;plains;7
1819;225;169;1;land;false;plains;7
1820;232;165;1;land;false;plains;7
1821;249;141;1;land;false;plains;7
1822;232;99;1;land;false;plains;7
1823;249;132;1;land;false;plains;7
1824;189;156;1;land;false;plains;7
1825;187;107;1;land;false;plains;7
1826;226;104;1;land;false;plains;7
1827;56;121;1;land;true;forest;7
1828;16;141;1;land;true;forest;7
1829;21;73;1;land;true;urban;7
1830;73;91;1;land;false;forest;7
1831;125;241;1;land;false;forest;7
1832;152;199;1;land;false;forest;7
1833;116;251;1;land;false;forest;7
1834;147;80;1;land;true;forest;7
1835;144;126;1;land;false;forest;7
1836;126;137;1;land;true;forest;7
1837;156;78;1;land;false;forest;7
1838;113;148;1;land;false;forest;7
1839;236;248;1;land;true;forest;7
1840;246;229;1;land;false;urban;7
1841;254;197;1;land;true;forest;7
1842;253;244;1;land;true;forest;7
1843;228;227;1;land;false;forest;7
1844;191;70;1;land;false;forest;7
1845;228;40;1;land;false;forest;7
1846;28;58;1;land;true;forest;7
1847;77;115;1;land;true;hills;7
1848;55;66;1;land;false;hills;7
1849;75;90;1;land;true;hills;7
1850;84;86;1;land;false;hills;7
1851;31;91;1;land;true;plains;7
1852;56;107;1;land;false;plains;7
1853;71;108;1;land;false;hills;7
1854;76;81;1;land;true;forest;7
1855;195;53;1;land;false;forest;7
1856;250;33;1;land;false;urban;7
1857;203;23;1;land;false;forest;7
1858;219;79;1;land;false;forest;7
1859;66;184;1;land;false;forest;7
1860;102;161;1;land;false;forest;7
1861;46;143;1;land;false;plains;7
1862;68;143;1;land;false;urban;7
1863;28;74;1;land;false;forest;7
1864;15;90;1;land;false;urban;7
1865;10;43;1;land;false;forest;7
1866;80;50;1;land;true;forest;7
1867;84;49;1;land;true;forest;7
1868;67;35;1;land;true;forest;7
1869;42;25;1;land;false;plains;7
1870;90;36;1;land;true;forest;7
1871;85;31;1;land;true;forest;7
1872;46;21;1;land;false;plains;7
1873;104;40;1;land;false;plains;7
1874;86;57;1;land;false;plains;7
1875;114;15;1;land;false;plains;7
1876;74;11;1;land;false;plains;7
1877;85;72;1;land;false;plains;7
1878;101;33;1;land;false;plains;7
1879;105;2;1;land;false;plains;7
1880;55;72;1;land;true;forest;7
1881;95;69;1;land;true;forest;7
1882;113;26;1;land;false;plains;7
1883;57;28;1;land;false;plains;7
1884;56;19;1;land;true;plains;7
1885;41;12;1;land;false;plains;7
1886;198;179;1;land;false;forest;7
1887;178;180;1;land;false;urban;7
1888;67;172;1;land;false;forest;7
1889;49;128;1;land;false;urban;7
1890;44;167;1;land;false;forest;7
1891;31;129;1;land;false;forest;7
1892;25;139;1;land;false;forest;7
1893;27;164;1;land;false;forest;7
1894;84;7;1;land;false;forest;7
1895;93;30;1;land;false;forest;7
1896;83;37;1;land;false;forest;7
1897;112;17;1;land;false;urban;7
1898;117;26;1;land;false;forest;7
1899;85;24;1;land;false;forest;7
1900;129;13;1;land;false;urban;7
1901;86;39;1;land;false;urban;7
1902;60;46;1;land;false;plains;7
1903;117;41;1;land;false;forest;7
1904;66;24;1;land;false;plains;7
1905;108;32;1;land;false;urban;7
1906;67;12;1;land;false;urban;7
1907;92;4;1;land;false;forest;7
1908;197;168;1;land;false;plains;7
1909;187;117;1;land;false;urban;7
1910;203;167;1;land;false;urban;7
1911;243;137;1;land;false;plains;7
1912;208;115;1;land;false;urban;7
1913;175;128;1;land;false;plains;7
1914;202;163;1;land;false;urban;7
1915;8;126;1;land;false;plains;7
1916;25;101;1;land;false;plains;7
1917;55;103;1;land;false;plains;7
1918;13;78;1;land;false;plains;7
1919;51;69;1;land;false;plains;7
1920;27;116;1;land;false;plains;7
1921;17;128;1;land;false;plains;7
1922;48;109;1;land;false;desert;7
1923;31;100;1;land;false;plains;7
1924;1;108;1;land;false;plains;7
1925;189;166;1;land;false;forest;7
1926;253;144;1;land;false;forest;7
1927;207;175;1;land;false;forest;7
1928;211;72;1;land;false;forest;7
1929;215;61;1;land;false;forest;7
1930;196;61;1;land;false;forest;7
1931;205;54;1;land;false;forest;7
1932;166;9;1;land;false;forest;7
1933;163;12;1;land;false;forest;7
1934;156;16;1;land;false;forest;7
1935;147;174;1;land;true;forest;7
1936;152;116;1;land;false;forest;7
1937;172;147;1;land;false;urban;7
1938;108;181;1;land;false;forest;7
1939;181;153;1;land;false;forest;7
1940;144;182;1;land;false;forest;7
1941;154;121;1;land;true;forest;7
1942;241;25;1;land;false;hills;7
1943;226;41;1;land;true;plains;7
1944;238;6;1;land;true;plains;7
1945;217;20;1;land;false;plains;7
1946;225;26;1;land;false;plains;7
1947;246;45;1;land;false;plains;7
1948;216;33;1;land;false;plains;7
1949;219;48;1;land;false;plains;7
1950;241;16;1;land;false;plains;7
1951;253;131;1;land;false;plains;7
1952;250;186;1;land;false;plains;7
1953;212;142;1;land;true;forest;7
1954;232;137;1;land;true;plains;7
1955;244;157;1;land;false;hills;7
1956;229;136;1;land;false;hills;7
1957;250;118;1;land;true;forest;7
1958;243;117;1;land;false;plains;7
1959;215;128;1;land;false;plains;7
1960;232;186;1;land;false;plains;7
1961;104;103;1;land;false;forest;7
1962;26;109;1;land;false;urban;7
1963;57;110;1;land;false;forest;7
1964;38;103;1;land;false;forest;7
1965;26;155;1;land;false;urban;7
1966;239;118;1;land;true;forest;7
1967;254;53;1;land;true;forest;7
1968;214;99;1;land;true;urban;7
1969;215;103;1;land;true;forest;7
1970;253;102;1;land;true;forest;7
1971;208;101;1;land;true;forest;7
1972;84;125;1;land;false;forest;7
1973;64;81;1;land;false;forest;7
1974;99;114;1;land;false;forest;7
1975;70;87;1;land;false;forest;7
1976;232;211;1;land;false;plains;7
1977;184;215;1;land;false;forest;7
1978;196;210;1;land;false;forest;7
1979;177;238;1;land;false;plains;7
1980;192;224;1;land;false;forest;7
1981;24;109;1;land;false;forest;7
1982;15;127;1;land;false;forest;7
1983;30;131;1;land;false;forest;7
1984;141;194;1;land;false;forest;7
1985;152;231;1;land;false;urban;7
1986;84;189;1;land;false;forest;7
1987;118;251;1;land;false;forest;7
1988;102;251;1;land;false;forest;7
1989;96;119;1;land;false;forest;7
1990;135;102;1;land;false;urban;7
1991;83;108;1;land;false;urban;7
1992;126;62;1;land;false;plains;7
1993;82;120;1;land;false;forest;7
1994;91;111;1;land;false;urban;7
1995;117;113;1;land;false;forest;7
1996;83;70;1;land;false;plains;7
1997;154;90;1;land;false;urban;7
1998;224;183;1;land;false;forest;7
1999;224;36;1;land;false;forest;7
2000;156;107;1;land;false;urban;7
2001;195;47;1;land;false;forest;7
2002;208;41;1;land;false;forest;7
2003;207;64;1;land;false;urban;7
2004;219;96;1;land;false;forest;7
2005;196;98;1;land;false;forest;7
2006;21;208;1;land;false;forest;7
2007;27;228;1;land;false;forest;7
2008;37;191;1;land;false;urban;7
2009;58;194;1;land;false;forest;7
2010;29;212;1;land;false;forest;7
2011;66;151;1;land;false;forest;7
2012;34;44;1;land;true;forest;7
2013;124;193;1;land;false;plains;7
2014;107;184;1;land;false;plains;7
2015;140;233;1;land;false;plains;7
2016;162;186;1;land;false;plains;7
2017;104;164;1;land;false;plains;7
2018;76;3;1;land;true;forest;7
2019;95;39;1;land;true;forest;7
2020;209;28;1;land;false;urban;7
2021;174;63;1;land;false;urban;7
2022;186;14;1;land;false;forest;7
2023;180;30;1;land;false;forest;7
2024;211;52;1;land;false;forest;7
2025;233;22;1;land;false;forest;7
2026;248;27;1;land;false;urban;7
2027;75;198;1;land;false;forest;7
2028;65;178;1;land;false;forest;7
2029;80;142;1;land;false;forest;7
2030;237;150;1;land;false;forest;7
2031;228;161;1;land;false;urban;7
2032;63;222;1;land;false;plains;7
2033;87;244;1;land;false;forest;7
2034;112;176;1;land;false;forest;7
2035;52;208;1;land;false;plains;7
2036;55;183;1;land;false;plains;7
2037;53;187;1;land;false;plains;7
2038;122;243;1;land;false;plains;7
2039;79;203;1;land;false;plains;7
2040;77;189;1;land;false;plains;7
2041;69;225;1;land;false;plains;7
2042;83;230;1;land;false;plains;7
2043;116;191;1;land;false;forest;7
2044;93;192;1;land;false;plains;7
2045;114;186;1;land;false;plains;7
2046;185;100;1;land;false;jungle;7
2047;154;102;1;land;false;forest;7
2048;166;57;1;land;false;forest;7
2049;187;67;1;land;false;forest;7
2050;186;101;1;land;false;forest;7
2051;231;42;1;land;false;forest;7
2052;228;182;1;land;true;forest;7
2053;206;211;1;land;true;forest;7
2054;172;228;1;land;true;forest;7
2055;207;249;1;land;true;plains;7
2056;25;66;1;land;false;forest;7
2057;16;109;1;land;false;forest;7
2058;57;105;1;land;false;urban;7
2059;115;65;1;land;false;forest;7
2060;136;58;1;land;false;forest;7
2061;92;14;1;land;false;forest;7
2062;115;64;1;land;false;forest;7
2063;102;20;1;land;false;forest;7
2064;103;16;1;land;false;forest;7
2065;148;24;1;land;false;forest;7
2066;101;41;1;land;false;forest;7
2067;100;54;1;land;false;forest;7
2068;111;52;1;land;false;forest;7
2069;74;69;1;land;false;forest;7
2070;71;111;1;land;false;forest;7
2071;97;158;1;land;false;plains;7
2072;77;155;1;land;false;urban;7
2073;108;90;1;land;false;urban;7
2074;176;235;1;land;false;plains;7
2075;164;232;1;land;false;plains;7
2076;190;223;1;land;true;forest;7
2077;231;235;1;land;true;forest;7
2078;207;224;1;land;false;plains;7
2079;174;226;1;land;false;desert;7
2080;231;239;1;land;false;plains;7
2081;203;234;1;land;false;plains;7
2082;167;241;1;land;true;forest;7
2083;176;209;1;land;false;plains;7
2084;236;218;1;land;false;plains;7
2085;213;244;1;land;false;desert;7
2086;161;235;1;land;false;plains;7
2087;217;213;1;land;false;plains;7
2088;240;252;1;land;false;plains;7
2089;201;208;1;land;false;plains;7
2090;209;151;1;land;false;plains;7
2091;179;130;1;land;false;forest;7
2092;188;137;1;land;false;forest;7
2093;171;154;1;land;false;mountain;7
2094;206;132;1;land;false;urban;7
2095;219;108;1;land;false;mountain;7
2096;180;107;1;land;false;forest;7
2097;237;149;1;land;false;forest;7
2098;196;160;1;land;false;hills;7
2099;182;112;1;land;false;urban;7
2100;230;95;1;land;false;forest;7
2101;192;145;1;land;false;forest;7
2102;211;96;1;land;false;mountain;7
2103;168;124;1;land;false;hills;7
2104;236;133;1;land;false;jungle;7
2105;189;133;1;land;false;forest;7
2106;218;124;1;land;false;forest;7
2107;193;97;1;land;false;forest;7
2108;166;91;1;land;false;urban;7
2109;89;252;1;land;false;forest;7
2110;115;132;1;land;false;forest;7
2111;129;97;1;land;false;urban;7
2112;131;109;1;land;false;forest;7
2113;101;141;1;land;false;forest;7
2114;95;122;1;land;false;forest;7
2115;91;114;1;land;false;urban;7
2116;23;125;1;land;false;forest;7
2117;79;89;1;land;false;forest;7
2118;173;140;1;land;true;forest;7
2119;179;136;1;land;true;forest;7
2120;167;116;1;land;true;forest;7
2121;151;130;1;land;true;forest;7
2122;164;77;1;land;true;forest;7
2123;120;105;1;land;true;plains;7
2124;238;205;1;land;false;forest;7
2125;237;223;1;land;false;forest;7
2126;214;220;1;land;false;forest;7
2127;227;200;1;land;false;urban;7
2128;31;51;1;land;false;forest;7
2129;71;88;1;land;false;forest;7
2130;101;66;1;land;false;urban;7
2131;189;226;1;land;false;forest;7
2132;179;208;1;land;false;forest;7
2133;218;160;1;land;false;plains;7
2134;239;177;1;land;false;plains;7
2135;205;149;1;land;false;plains;7
2136;216;178;1;land;false;plains;7
2137;207;166;1;land;false;plains;7
2138;253;189;1;land;false;plains;7
2139;229;211;1;land;false;plains;7
2140;73;213;1;land;false;forest;7
2141;89;149;1;land;false;urban;7
2142;216;245;1;land;true;forest;7
2143;182;219;1;land;false;urban;7
2144;164;228;1;land;true;urban;7
2145;42;215;1;land;true;forest;7
2146;69;219;1;land;true;urban;7
2147;21;239;1;land;false;forest;7
2148;82;241;1;land;false;forest;7
2149;70;213;1;land;true;forest;7
2150;83;214;1;land;false;jungle;7
2151;50;237;1;land;false;urban;7
2152;79;236;1;land;true;urban;7
2153;27;236;1;land;true;forest;7
2154;64;251;1;land;true;plains;7
2155;30;253;1;land;false;forest;7
2156;78;206;1;land;false;plains;7
2157;109;235;1;land;false;plains;7
2158;139;215;1;land;false;plains;7
2159;84;184;1;land;false;desert;7
2160;152;200;1;land;false;plains;7
2161;75;181;1;land;false;desert;7
2162;120;209;1;land;false;plains;7
2163;99;187;1;land;false;plains;7
2164;105;212;1;land;false;plains;7
2165;150;236;1;land;false;plains;7
2166;119;249;1;land;false;plains;7
2167;118;222;1;land;false;plains;7
2168;40;58;1;land;false;forest;7
2169;101;78;1;land;false;forest;7
2170;69;103;1;land;false;urban;7
2171;103;95;1;land;true;forest;7
2172;101;70;1;land;false;forest;7
2173;36;109;1;land;false;urban;7
2174;35;81;1;land;false;forest;7
2175;85;45;1;land;true;forest;7
2176;28;159;1;land;false;forest;7
2177;63;189;1;land;true;forest;7
2178;46;193;1;land;true;forest;7
2179;206;50;1;land;false;plains;7
2180;220;84;1;land;false;mountain;7
2181;243;92;1;land;false;plains;7
2182;230;48;1;land;false;mountain;7
2183;247;23;1;land;false;plains;7
2184;208;39;1;land;false;plains;7
2185;211;74;1;land;false;plains;7
2186;231;72;1;land;false;plains;7
2187;219;21;1;land;false;plains;7
2188;227;65;1;land;false;plains;7
2189;225;45;1;land;false;plains;7
2190;213;84;1;land;false;plains;7
2191;238;34;1;land;false;hills;7
2192;242;53;1;land;false;mountain;7
2193;220;18;1;land;false;plains;7
2194;19;10;1;land;false;hills;7
2195;67;28;1;land;true;hills;7
2196;52;15;1;land;true;hills;7
2197;190;63;1;land;false;forest;7
2198;150;67;1;land;false;urban;7
2199;174;13;1;land;false;forest;7
2200;152;58;1;land;false;forest;7
2201;209;65;1;land;false;forest;7
2202;25;142;1;land;false;forest;7
2203;87;111;1;land;false;forest;7
2204;75;119;1;land;false;hills;7
2205;179;218;1;land;false;hills;7
2206;165;197;1;land;false;desert;7
2207;187;220;1;land;false;plains;7
2208;192;190;1;land;false;plains;7
2209;125;223;1;land;false;desert;7
2210;184;211;1;land;false;plains;7
2211;123;206;1;land;false;hills;7
2212;175;193;1;land;false;plains;7
2213;178;215;1;land;false;desert;7
2214;188;199;1;land;false;plains;7
2215;132;232;1;land;false;hills;7
2216;150;225;1;land;false;plains;7
2217;158;254;1;land;false;plains;7
2218;193;214;1;land;false;hills;7
2219;133;246;1;land;false;desert;7
2220;200;238;1;land;false;plains;7
2221;151;249;1;land;false;desert;7
2222;193;254;1;land;false;desert;7
2223;166;252;1;land;false;hills;7
2224;181;244;1;land;false;hills;7
2225;166;253;1;land;false;desert;7
2226;163;188;1;land;false;plains;7
2227;132;250;1;land;false;plains;7
2228;158;202;1;land;false;mountain;7
2229;178;249;1;land;false;hills;7
2230;164;244;1;land;false;mountain;7
2231;153;237;1;land;false;desert;7
2232;155;234;1;land;false;hills;7
2233;197;221;1;land;false;plains;7
2234;195;194;1;land;false;plains;7
2235;159;225;1;land;false;hills;7
2236;177;241;1;land;false;hills;7
2237;159;218;1;land;false;plains;7
2238;149;247;1;land;false;plains;7
2239;144;212;1;land;false;plains;7
2240;133;197;1;land;false;hills;7
2241;123;211;1;land;false;mountain;7
2242;180;193;1;land;false;plains;7
2243;137;218;1;land;false;hills;7
2244;169;234;1;land;false;hills;7
2245;168;248;1;land;false;plains;7
2246;182;211;1;land;false;desert;7
2247;157;208;1;land;false;plains;7
2248;169;186;1;land;false;hills;7
2249;132;208;1;land;false;hills;7
2250;147;254;1;land;false;plains;7
2251;190;248;1;land;false;mountain;7
2252;162;203;1;land;false;plains;7
2253;132;196;1;land;false;desert;7
2254;135;196;1;land;false;desert;7
2255;136;189;1;land;false;hills;7
2256;180;249;1;land;false;desert;7
2257;199;244;1;land;false;desert;7
2258;156;206;1;land;false;plains;7
2259;169;240;1;land;false;desert;7
2260;193;219;1;land;false;plains;7
2261;196;245;1;land;false;hills;7
2262;176;229;1;land;false;plains;7
2263;151;243;1;land;false;hills;7
2264;137;216;1;land;false;plains;7
2265;140;224;1;land;false;hills;7
2266;128;236;1;land;false;mountain;7
2267;197;246;1;land;false;desert;7
2268;147;210;1;land;false;plains;7
2269;137;210;1;land;false;hills;7
2270;151;199;1;land;false;plains;7
2271;138;215;1;land;false;hills;7
2272;148;198;1;land;false;plains;7
2273;17;215;1;land;false;plains;7
2274;10;209;1;land;false;urban;7
2275;45;199;1;land;false;plains;7
2276;8;246;1;land;false;forest;7
2277;42;225;1;land;false;plains;7
2278;3;235;1;land;false;plains;7
2279;115;122;1;land;false;forest;7
2280;89;131;1;land;false;urban;7
2281;150;100;1;land;false;urban;7
2282;88;80;1;land;false;forest;7
2283;78;197;1;land;false;plains;7
2284;105;199;1;land;false;forest;7
2285;47;214;1;land;false;forest;7
2286;210;85;1;land;true;forest;7
2287;180;84;1;land;true;urban;7
2288;187;26;1;land;true;urban;7
2289;153;39;1;land;true;forest;7
2290;160;62;1;land;false;forest;7
2291;15;33;1;land;true;forest;7
2292;31;39;1;land;true;forest;7
2293;247;170;1;land;false;forest;7
2294;248;167;1;land;false;forest;7
2295;220;171;1;land;false;forest;7
2296;128;3;1;land;false;mountain;7
2297;91;33;1;land;false;mountain;7
2298;136;16;1;land;false;hills;7
2299;59;26;1;land;false;plains;7
2300;94;13;1;land;false;plains;7
2301;97;0;1;land;false;mountain;7
2302;75;42;1;land;false;plains;7
2303;67;10;1;land;false;mountain;7
2304;131;35;1;land;false;plains;7
2305;78;17;1;land;false;mountain;7
2306;182;214;1;land;false;forest;7
2307;145;252;1;land;false;forest;7
2308;168;222;1;land;false;forest;7
2309;149;225;1;land;false;forest;7
2310;246;95;1;land;false;forest;7
2311;216;99;1;land;false;forest;7
2312;208;96;1;land;false;forest;7
2313;207;100;1;land;false;forest;7
2314;94;168;1;land;false;plains;7
2315;88;193;1;land;false;plains;7
2316;75;185;1;land;false;plains;7
2317;76;240;1;land;false;plains;7
2318;57;220;1;land;false;plains;7
2319;46;230;1;land;false;plains;7
2320;112;122;1;land;false;forest;7
2321;78;113;1;land;false;forest;7
2322;89;82;1;land;false;urban;7
2323;84;115;1;land;false;mountain;7
2324;72;61;1;land;false;forest;7
2325;103;78;1;land;false;forest;7
2326;50;79;1;land;false;urban;7
2327;57;94;1;land;false;urban;7
2328;70;61;1;land;false;forest;7
2329;61;67;1;land;false;forest;7
2330;95;105;1;land;false;forest;7
2331;153;32;1;land;true;plains;7
2332;132;14;1;land;true;forest;7
2333;180;79;1;land;true;forest;7
2334;155;19;1;land;true;forest;7
2335;35;139;1;land;false;forest;7
2336;34;151;1;land;false;forest;7
2337;2;197;1;land;false;forest;7
2338;1;136;1;land;false;forest;7
2339;39;178;1;land;false;forest;7
2340;31;174;1;land;false;urban;7
2341;54;146;1;land;false;forest;7
2342;94;11;1;land;false;forest;7
2343;63;65;1;land;false;forest;7
2344;98;35;1;land;false;forest;7
2345;69;71;1;land;false;forest;7
2346;231;143;1;land;false;forest;7
2347;176;132;1;land;false;urban;7
2348;41;31;1;land;true;forest;7
2349;40;31;1;land;false;forest;7
2350;0;5;1;land;true;forest;7
2351;44;17;1;land;false;forest;7
2352;198;242;1;land;false;plains;7
2353;180;248;1;land;false;plains;7
2354;217;236;1;land;false;plains;7
2355;224;232;1;land;false;hills;7
2356;172;231;1;land;false;plains;7
2357;170;243;1;land;false;plains;7
2358;183;250;1;land;false;plains;7
2359;205;246;1;land;false;plains;7
2360;184;213;1;land;false;plains;7
2361;201;238;1;land;false;mountain;7
2362;153;204;1;land;false;plains;7
2363;185;252;1;land;false;plains;7
2364;214;197;1;land;false;plains;7
2365;175;201;1;land;false;forest;7
2366;181;204;1;land;false;forest;7
2367;223;220;1;land;false;plains;7
2368;164;199;1;land;false;plains;7
2369;163;247;1;land;false;plains;7
2370;167;239;1;land;false;plains;7
2371;211;203;1;land;false;plains;7
2372;26;116;1;land;false;forest;7
2373;62;76;1;land;false;plains;7
2374;11;102;1;land;false;desert;7
2375;25;114;1;land;false;plains;7
2376;7;119;1;land;false;plains;7
2377;53;138;1;land;false;plains;7
2378;62;105;1;land;false;plains;7
2379;21;65;1;land;false;plains;7
2380;48;101;1;land;false;plains;7
2381;23;231;1;land;false;forest;7
2382;25;245;1;land;false;hills;7
2383;56;234;1;land;false;plains;7
2384;38;252;1;land;false;forest;7
2385;75;209;1;land;false;urban;7
2386;75;201;1;land;false;mountain;7
2387;24;210;1;land;false;urban;7
2388;108;191;1;land;false;mountain;7
2389;71;176;1;land;false;mountain;7
2390;164;117;1;land;false;forest;7
2391;200;139;1;land;false;urban;7
2392;168;125;1;land;false;urban;7
2393;169;143;1;land;false;urban;7
2394;204;148;1;land;false;forest;7
2395;161;122;1;land;false;forest;7
2396;28;30;1;land;false;forest;7
2397;53;28;1;land;false;forest;7
2398;33;2;1;land;false;urban;7
2399;5;9;1;land;false;forest;7
2400;38;40;1;land;true;forest;7
2401;34;18;1;land;false;urban;7
2402;21;40;1;land;false;urban;7
2403;36;13;1;land;false;forest;7
2404;52;45;1;land;false;urban;7
2405;140;13;1;land;false;plains;7
2406;166;39;1;land;false;forest;7
2407;70;148;1;land;true;plains;7
2408;84;144;1;land;true;forest;7
2409;58;152;1;land;true;plains;7
2410;68;111;1;land;true;forest;7
2411;174;154;1;land;false;forest;7
2412;174;96;1;land;false;plains;7
2413;210;158;1;land;false;urban;7
2414;14;108;1;land;false;plains;7
2415;16;79;1;land;false;plains;7
2416;11;61;1;land;false;plains;7
2417;18;57;1;land;false;hills;7
2418;42;81;1;land;false;plains;7
2419;21;69;1;land;false;plains;7
2420;28;71;1;land;false;plains;7
2421;38;81;1;land;false;plains;7
2422;37;99;1;land;false;plains;7
2423;7;84;1;land;false;plains;7
2424;37;104;1;land;false;plains;7
2425;18;105;1;land;false;plains;7
2426;33;50;1;land;false;plains;7
2427;18;62;1;land;false;plains;7
2428;24;51;1;land;false;plains;7
2429;38;76;1;land;false;hills;7
2430;42;124;1;land;false;plains;7
2431;5;74;1;land;false;plains;7
2432;8;52;1;land;false;plains;7
2433;138;71;1;land;true;forest;7
2434;117;71;1;land;false;urban;7
2435;74;62;1;land;false;urban;7
2436;126;80;1;land;false;urban;7
2437;128;98;1;land;false;forest;7
2438;143;55;1;land;true;forest;7
2439;75;73;1;land;false;forest;7
2440;93;110;1;land;false;forest;7
2441;73;74;1;land;false;forest;7
2442;205;176;1;land;false;forest;7
2443;225;188;1;land;true;forest;7
2444;232;175;1;land;true;urban;7
2445;235;199;1;land;true;forest;7
2446;253;196;1;land;false;urban;7
2447;75;58;1;land;false;forest;7
2448;50;117;1;land;false;forest;7
2449;15;137;1;land;false;forest;7
2450;35;73;1;land;false;forest;7
2451;55;89;1;land;false;urban;7
2452;117;91;1;land;false;forest;7
2453;118;110;1;land;false;urban;7
2454;145;76;1;land;false;forest;7
2455;118;83;1;land;false;forest;7
2456;174;133;1;land;false;forest;7
2457;159;68;1;land;false;forest;7
2458;113;136;1;land;false;forest;7
2459;63;209;1;land;false;forest;7
2460;28;158;1;land;false;forest;7
2461;28;212;1;land;false;forest;7
2462;35;60;1;land;false;forest;7
2463;55;43;1;land;false;urban;7
2464;67;51;1;land;false;urban;7
2465;25;68;1;land;false;forest;7
2466;79;70;1;land;false;urban;7
2467;64;72;1;land;false;forest;7
2468;89;91;1;land;false;forest;7
2469;22;111;1;land;false;urban;7
2470;114;13;1;land;false;plains;7
2471;99;78;1;land;false;plains;7
2472;118;7;1;land;false;plains;7
2473;163;21;1;land;false;plains;7
2474;224;182;1;land;false;forest;7
2475;195;138;1;land;false;forest;7
2476;217;188;1;land;false;urban;7
2477;98;163;1;land;false;forest;7
2478;82;195;1;land;false;forest;7
2479;64;154;1;land;false;forest;7
2480;97;201;1;land;false;forest;7
2481;62;177;1;land;false;forest;7
2482;69;166;1;land;false;forest;7
2483;83;174;1;land;false;forest;7
2484;46;42;1;land;false;plains;7
2485;22;33;1;land;false;forest;7
2486;21;2;1;land;false;forest;7
2487;40;53;1;land;false;plains;7
2488;118;131;1;land;false;forest;7
2489;143;125;1;land;false;plains;7
2490;177;143;1;land;false;plains;7
2491;187;141;1;land;false;forest;7
2492;61;89;1;land;false;urban;7
2493;36;91;1;land;false;plains;7
2494;30;110;1;land;false;plains;7
2495;70;52;1;land;false;hills;7
2496;50;60;1;land;false;forest;7
2497;52;115;1;land;false;plains;7
2498;46;73;1;land;false;hills;7
2499;61;88;1;land;false;forest;7
2500;61;46;1;land;false;hills;7
2501;94;113;1;land;false;plains;7
2502;208;82;1;land;true;forest;7
2503;227;61;1;land;true;urban;7
2504;209;49;1;land;true;forest;7
2505;247;88;1;land;false;forest;7
2506;248;64;1;land;true;hills;7
2507;217;148;1;land;true;forest;7
2508;38;28;1;land;false;forest;7
2509;54;3;1;land;false;forest;7
2510;80;55;1;land;false;forest;7
2511;22;31;1;land;false;urban;7
2512;28;29;1;land;false;forest;7
2513;25;32;1;land;false;forest;7
2514;61;35;1;land;false;plains;7
2515;63;192;1;land;false;forest;7
2516;69;196;1;land;false;urban;7
2517;46;140;1;land;false;forest;7
2518;86;165;1;land;false;forest;7
2519;84;183;1;land;false;forest;7
2520;83;143;1;land;false;forest;7
2521;116;141;1;land;false;urban;7
2522;86;89;1;land;false;forest;7
2523;115;136;1;land;false;forest;7
2524;140;122;1;land;false;forest;7
2525;190;106;1;land;false;forest;7
2526;206;128;1;land;false;urban;7
2527;188;162;1;land;false;forest;7
2528;195;102;1;land;false;forest;7
2529;233;111;1;land;false;forest;7
2530;187;152;1;land;false;forest;7
2531;38;251;1;land;false;forest;7
2532;55;237;1;land;false;urban;7
2533;42;214;1;land;false;plains;7
2534;64;220;1;land;false;plains;7
2535;48;247;1;land;false;forest;7
2536;215;104;1;land;false;forest;7
2537;237;140;1;land;false;forest;7
2538;31;98;1;land;true;plains;7
2539;60;92;1;land;true;forest;7
2540;42;83;1;land;false;hills;7
2541;192;236;1;land;false;jungle;7
2542;204;191;1;land;false;forest;7
2543;162;205;1;land;false;forest;7
2544;162;190;1;land;false;jungle;7
2545;207;215;1;land;false;forest;7
2546;161;245;1;land;false;forest;7
2547;185;227;1;land;false;forest;7
2548;144;199;1;land;false;urban;7
2549;205;222;1;land;false;forest;7
2550;57;212;1;land;false;forest;7
2551;53;203;1;land;false;plains;7
2552;48;197;1;land;false;plains;7
2553;10;237;1;land;false;forest;7
2554;27;210;1;land;false;urban;7
2555;213;82;1;land;false;plains;7
2556;206;100;1;land;false;forest;7
2557;230;43;1;land;false;urban;7
2558;50;112;1;land;false;plains;7
2559;82;82;1;land;false;hills;7
2560;95;61;1;land;false;plains;7
2561;72;66;1;land;false;plains;7
2562;126;60;1;land;false;plains;7
2563;48;111;1;land;false;plains;7
2564;74;53;1;land;false;plains;7
2565;102;57;1;land;false;plains;7
2566;90;81;1;land;false;plains;7
2567;80;120;1;land;false;plains;7
2568;99;110;1;land;false;plains;7
2569;167;212;1;land;false;jungle;7
2570;226;240;1;land;true;forest;7
2571;166;195;1;land;true;forest;7
2572;216;164;1;land;true;forest;7
2573;133;58;1;land;false;desert;7
2574;159;26;1;land;false;plains;7
2575;176;18;1;land;false;plains;7
2576;169;41;1;land;false;plains;7
2577;121;91;1;land;false;plains;7
2578;137;74;1;land;false;plains;7
2579;117;61;1;land;false;plains;7
2580;127;36;1;land;false;plains;7
2581;189;49;1;land;false;plains;7
2582;125;18;1;land;false;plains;7
2583;183;57;1;land;false;plains;7
2584;154;80;1;land;true;plains;7
2585;169;72;1;land;false;plains;7
2586;151;91;1;land;false;plains;7
2587;124;28;1;land;false;plains;7
2588;195;70;1;land;false;plains;7
2589;152;67;1;land;false;plains;7
2590;194;37;1;land;false;plains;7
2591;172;82;1;land;false;plains;7
2592;178;50;1;land;false;forest;7
2593;180;81;1;land;false;plains;7
2594;43;28;1;land;false;forest;7
2595;40;23;1;land;false;urban;7
2596;12;57;1;land;false;forest;7
2597;5;56;1;land;false;urban;7
2598;18;19;1;land;false;forest;7
2599;35;75;1;land;false;urban;7
2600;14;22;1;land;false;forest;7
2601;19;22;1;land;false;urban;7
2602;41;45;1;land;false;forest;7
2603;23;71;1;land;false;plains;7
2604;93;234;1;land;false;forest;7
2605;54;216;1;land;false;urban;7
2606;78;233;1;land;false;forest;7
2607;45;240;1;land;false;forest;7
2608;84;210;1;land;false;forest;7
2609;242;110;1;land;true;forest;7
2610;54;54;1;land;false;forest;7
2611;91;66;1;land;true;forest;7
2612;110;75;1;land;true;forest;7
2613;67;104;1;land;false;forest;7
2614;85;156;1;land;false;forest;7
2615;17;183;1;land;false;urban;7
2616;92;210;1;land;false;forest;7
2617;89;184;1;land;false;urban;7
2618;48;185;1;land;false;forest;7
2619;24;196;1;land;false;forest;7
2620;106;27;1;land;false;forest;7
2621;51;61;1;land;true;forest;7
2622;95;46;1;land;true;urban;7
2623;54;10;1;land;true;forest;7
2624;38;158;1;land;true;forest;7
2625;230;159;1;land;false;plains;7
2626;221;171;1;land;false;urban;7
2627;216;183;1;land;false;plains;7
2628;197;151;1;land;false;urban;7
2629;186;113;1;land;false;forest;7
2630;207;150;1;land;false;plains;7
2631;204;132;1;land;false;plains;7
2632;231;139;1;land;false;forest;7
2633;205;111;1;land;false;plains;7
2634;179;177;1;land;false;urban;7
2635;16;123;1;land;false;mountain;7
2636;19;83;1;land;false;plains;7
2637;54;86;1;land;false;mountain;7
2638;25;118;1;land;false;plains;7
2639;60;130;1;land;false;hills;7
2640;8;88;1;land;false;mountain;7
2641;46;101;1;land;false;mountain;7
2642;50;113;1;land;false;plains;7
2643;55;118;1;land;false;mountain;7
2644;35;147;1;land;false;mountain;7
2645;35;95;1;land;false;plains;7
2646;22;121;1;land;false;plains;7
2647;26;93;1;land;false;plains;7
2648;24;141;1;land;false;plains;7
2649;7;140;1;land;false;mountain;7
2650;43;118;1;land;false;mountain;7
2651;39;129;1;land;false;plains;7
2652;10;114;1;land;false;plains;7
2653;46;152;1;land;false;hills;7
2654;52;118;1;land;false;mountain;7
2655;133;80;1;land;false;plains;7
2656;133;127;1;land;false;plains;7
2657;120;145;1;land;false;plains;7
2658;118;93;1;land;false;plains;7
2659;160;115;1;land;false;plains;7
2660;46;80;1;land;false;plains;7
2661;30;68;1;land;false;urban;7
2662;40;65;1;land;false;plains;7
2663;21;127;1;land;true;plains;7
2664;12;123;1;land;false;urban;7
2665;15;108;1;land;false;plains;7
2666;6;57;1;land;false;plains;7
2667;85;116;1;land;false;plains;7
2668;70;129;1;land;false;urban;7
2669;64;96;1;land;false;plains;7
2670;85;115;1;land;false;urban;7
2671;64;105;1;land;false;urban;7
2672;8;124;1;land;false;plains;7
2673;44;72;1;land;false;plains;7
2674;80;67;1;land;false;plains;7
2675;113;239;1;land;false;forest;7
2676;83;238;1;land;false;plains;7
2677;68;215;1;land;false;plains;7
2678;76;168;1;land;false;plains;7
2679;113;219;1;land;false;mountain;7
2680;128;209;1;land;false;forest;7
2681;114;64;1;land;false;plains;7
2682;109;23;1;land;false;urban;7
2683;144;99;1;land;false;forest;7
2684;118;35;1;land;false;forest;7
2685;110;27;1;land;false;forest;7
2686;90;49;1;land;false;forest;7
2687;111;97;1;land;false;forest;7
2688;139;88;1;land;false;urban;7
2689;132;89;1;land;false;forest;7
2690;82;71;1;land;false;plains;7
2691;94;68;1;land;false;urban;7
2692;107;62;1;land;false;plains;7
2693;79;65;1;land;false;forest;7
2694;154;39;1;land;false;urban;7
2695;95;56;1;land;false;forest;7
2696;172;180;1;land;false;forest;7
2697;223;204;1;land;false;forest;7
2698;192;95;1;land;false;hills;7
2699;231;39;1;land;false;plains;7
2700;204;84;1;land;false;mountain;7
2701;211;92;1;land;false;mountain;7
2702;203;63;1;land;false;forest;7
2703;186;74;1;land;false;hills;7
2704;222;31;1;land;false;mountain;7
2705;183;71;1;land;false;hills;7
2706;213;38;1;land;false;hills;7
2707;245;72;1;land;false;hills;7
2708;217;83;1;land;false;mountain;7
2709;197;60;1;land;false;plains;7
2710;180;89;1;land;false;mountain;7
2711;228;60;1;land;false;plains;7
2712;217;39;1;land;false;mountain;7
2713;240;90;1;land;false;plains;7
2714;193;79;1;land;false;hills;7
2715;252;74;1;land;false;hills;7
2716;242;59;1;land;false;hills;7
2717;208;91;1;land;false;plains;7
2718;233;53;1;land;false;forest;7
2719;231;101;1;land;false;plains;7
2720;254;94;1;land;false;mountain;7
2721;194;27;1;land;false;hills;7
2722;242;86;1;land;false;plains;7
2723;245;87;1;land;false;hills;7
2724;208;40;1;land;false;hills;7
2725;185;40;1;land;false;hills;7
2726;6;150;1;land;false;plains;7
2727;50;142;1;land;false;urban;7
2728;71;118;1;land;false;forest;7
2729;115;115;1;land;false;forest;7
2730;48;103;1;land;false;forest;7
2731;114;80;1;land;false;forest;7
2732;124;224;1;land;false;forest;7
2733;207;132;1;land;false;forest;7
2734;209;81;1;land;false;forest;7
2735;163;145;1;land;false;forest;7
2736;170;77;1;land;false;urban;7
2737;161;103;1;land;false;urban;7
2738;233;237;1;land;true;forest;7
2739;171;253;1;land;true;forest;7
2740;197;227;1;land;true;forest;7
2741;216;225;1;land;true;forest;7
2742;14;100;1;land;false;jungle;7
2743;21;99;1;land;false;forest;7
2744;1;75;1;land;false;forest;7
2745;27;108;1;land;false;forest;7
2746;5;117;1;land;false;jungle;7
2747;18;92;1;land;false;jungle;7
2748;23;56;1;land;false;forest;7
2749;10;92;1;land;false;forest;7
2750;41;87;1;land;false;forest;7
2751;23;75;1;land;false;urban;7
2752;41;99;1;land;false;forest;7
2753;4;76;1;land;false;jungle;7
2754;4;101;1;land;false;forest;7
2755;23;99;1;land;false;forest;7
2756;26;117;1;land;false;jungle;7
2757;9;59;1;land;false;forest;7
2758;10;102;1;land;false;jungle;7
2759;38;68;1;land;false;forest;7
2760;9;115;1;land;false;jungle;7
2761;24;90;1;land;false;forest;7
2762;49;228;1;land;false;forest;7
2763;18;168;1;land;false;forest;7
2764;39;207;1;land;false;forest;7
2765;5;192;1;land;false;urban;7
2766;41;212;1;land;false;forest;7
2767;16;222;1;land;false;forest;7
2768;25;193;1;land;false;forest;7
2769;11;171;1;land;false;forest;7
2770;51;231;1;land;false;urban;7
2771;3;220;1;land;false;urban;7
2772;25;172;1;land;false;forest;7
2773;47;204;1;land;false;forest;7
2774;223;151;1;land;true;hills;7
2775;92;73;1;land;false;plains;7
2776;158;190;1;land;false;forest;7
2777;148;124;1;land;false;urban;7
2778;106;182;1;land;false;forest;7
2779;95;143;1;land;false;forest;7
2780;104;137;1;land;false;urban;7
2781;136;159;1;land;false;urban;7
2782;245;64;1;land;true;forest;7
2783;193;11;1;land;true;forest;7
2784;191;71;1;land;false;forest;7
2785;254;1;1;land;true;forest;7
2786;4;40;1;land;false;forest;7
2787;68;37;1;land;false;urban;7
2788;6;11;1;land;false;forest;7
2789;167;43;1;land;false;forest;7
2790;133;47;1;land;false;forest;7
2791;149;111;1;land;false;forest;7
2792;39;90;1;land;false;forest;7
2793;38;134;1;land;false;urban;7
2794;163;60;1;land;false;forest;7
2795;105;14;1;land;false;forest;7
2796;26;14;1;land;false;plains;7
2797;61;10;1;land;false;plains;7
2798;33;1;1;land;false;plains;7
2799;17;26;1;land;true;forest;7
2800;81;35;1;land;false;plains;7
2801;38;12;1;land;false;plains;7
2802;72;24;1;land;false;plains;7
2803;42;23;1;land;false;plains;7
2804;54;41;1;land;false;plains;7
2805;16;38;1;land;true;forest;7
2806;17;48;1;land;false;plains;7
2807;21;48;1;land;false;forest;7
2808;64;8;1;land;false;plains;7
2809;30;28;1;land;false;plains;7
2810;60;47;1;land;false;plains;7
2811;43;0;1;land;false;plains;7
2812;40;3;1;land;true;forest;7
2813;129;128;1;land;false;plains;7
2814;145;69;1;land;false;urban;7
2815;126;81;1;land;false;plains;7
2816;164;65;1;land;false;plains;7
2817;140;90;1;land;false;plains;7
2818;130;204;1;land;false;plains;7
2819;158;194;1;land;false;mountain;7
2820;146;193;1;land;false;forest;7
2821;120;195;1;land;false;mountain;7
2822;180;181;1;land;false;forest;7
2823;155;213;1;land;false;hills;7
2824;169;215;1;land;false;plains;7
2825;134;227;1;land;false;plains;7
2826;69;137;1;land;false;plains;7
2827;87;88;1;land;false;plains;7
2828;57;70;1;land;false;plains;7
2829;30;123;1;land;false;plains;7
2830;29;63;1;land;false;plains;7
2831;27;130;1;land;false;plains;7
2832;46;90;1;land;false;plains;7
2833;93;222;1;land;true;forest;7
2834;60;249;1;land;false;forest;7
2835;87;222;1;land;false;urban;7
2836;44;220;1;land;true;forest;7
2837;34;237;1;land;false;urban;7
2838;99;228;1;land;false;forest;7
2839;100;216;1;land;true;forest;7
2840;88;185;1;land;false;forest;7
2841;160;100;1;land;false;forest;7
2842;175;77;1;land;false;plains;7
2843;133;66;1;land;false;forest;7
2844;96;37;1;land;false;forest;7
2845;43;54;1;land;false;forest;7
2846;56;81;1;land;false;forest;7
2847;83;72;1;land;false;forest;7
2848;93;45;1;land;false;forest;7
2849;65;96;1;land;false;forest;7
2850;44;50;1;land;false;forest;7
2851;48;97;1;land;false;forest;7
2852;78;151;1;land;false;forest;7
2853;77;174;1;land;false;forest;7
2854;83;222;1;land;false;forest;7
2855;58;200;1;land;false;forest;7
2856;67;151;1;land;false;urban;7
2857;118;157;1;land;false;forest;7
2858;113;221;1;land;false;forest;7
2859;24;9;1;land;false;desert;7
2860;6;24;1;land;false;plains;7
2861;34;38;1;land;false;plains;7
2862;29;87;1;land;false;plains;7
2863;4;63;1;land;false;plains;7
2864;25;75;1;land;false;desert;7
2865;9;79;1;land;false;desert;7
2866;15;49;1;land;false;desert;7
2867;32;8;1;land;false;desert;7
2868;38;16;1;land;false;plains;7
2869;39;70;1;land;false;desert;7
2870;4;34;1;land;false;plains;7
2871;34;25;1;land;false;desert;7
2872;37;38;1;land;false;plains;7
2873;178;118;1;land;true;forest;7
2874;149;140;1;land;false;urban;7
2875;204;117;1;land;false;forest;7
2876;222;141;1;land;false;urban;7
2877;119;226;1;land;false;forest;7
2878;125;192;1;land;false;plains;7
2879;118;214;1;land;false;forest;7
2880;116;231;1;land;false;forest;7
2881;171;171;1;land;false;forest;7
2882;161;227;1;land;false;forest;7
2883;168;219;1;land;false;urban;7
2884;164;238;1;land;false;forest;7
2885;165;91;1;land;false;plains;7
2886;161;47;1;land;false;plains;7
2887;133;36;1;land;false;plains;7
2888;129;55;1;land;false;plains;7
2889;246;63;1;land;false;plains;7
2890;231;90;1;land;false;plains;7
2891;216;34;1;land;false;jungle;7
2892;230;93;1;land;false;plains;7
2893;31;150;1;land;false;plains;7
2894;65;154;1;land;false;plains;7
2895;51;191;1;land;false;plains;7
2896;29;189;1;land;false;plains;7
2897;31;147;1;land;false;plains;7
2898;21;216;1;land;false;plains;7
2899;50;159;1;land;false;desert;7
2900;75;158;1;land;false;plains;7
2901;70;162;1;land;false;plains;7
2902;59;215;1;land;false;plains;7
2903;61;154;1;land;false;plains;7
2904;54;153;1;land;false;plains;7
2905;60;181;1;land;false;plains;7
2906;84;207;1;land;false;plains;7
2907;16;208;1;land;false;plains;7
2908;43;151;1;land;false;desert;7
2909;75;176;1;land;false;plains;7
2910;10;219;1;land;false;plains;7
2911;80;158;1;land;true;plains;7
2912;46;158;1;land;false;plains;7
2913;67;216;1;land;false;plains;7
2914;231;123;1;land;true;forest;7
2915;212;160;1;land;false;urban;7
2916;233;13;1;land;false;plains;7
2917;254;31;1;land;false;plains;7
2918;223;51;1;land;false;plains;7
2919;248;0;1;land;false;hills;7
2920;235;34;1;land;false;plains;7
2921;229;38;1;land;false;hills;7
2922;229;51;1;land;false;plains;7
2923;208;33;1;land;false;hills;7
2924;202;36;1;land;false;plains;7
2925;224;32;1;land;false;plains;7
2926;43;192;1;land;false;plains;7
2927;95;146;1;land;false;plains;7
2928;105;142;1;land;false;plains;7
2929;100;126;1;land;false;plains;7
2930;87;21;1;land;false;plains;7
2931;48;16;1;land;false;plains;7
2932;120;55;1;land;false;plains;7
2933;103;3;1;land;false;plains;7
2934;75;37;1;land;false;plains;7
2935;48;50;1;land;false;plains;7
2936;156;248;1;land;false;forest;7
2937;124;207;1;land;false;forest;7
2938;141;228;1;land;false;forest;7
2939;132;221;1;land;false;plains;7
2940;128;223;1;land;false;forest;7
2941;201;223;1;land;true;plains;7
2942;153;231;1;land;false;plains;7
2943;197;232;1;land;false;plains;7
2944;151;213;1;land;false;plains;7
2945;143;223;1;land;true;hills;7
2946;35;129;1;land;false;plains;7
2947;3;149;1;land;false;plains;7
2948;42;178;1;land;false;plains;7
2949;8;121;1;land;false;plains;7
2950;39;156;1;land;false;plains;7
2951;15;178;1;land;false;plains;7
2952;22;119;1;land;false;plains;7
2953;16;132;1;land;false;plains;7
2954;53;132;1;land;false;plains;7
2955;37;220;1;land;true;forest;7
2956;52;227;1;land;true;forest;7
2957;212;137;1;land;false;plains;7
2958;232;79;1;land;false;mountain;7
2959;154;126;1;land;false;mountain;7
2960;165;100;1;land;false;mountain;7
2961;211;131;1;land;false;hills;7
2962;187;88;1;land;false;mountain;7
2963;186;89;1;land;false;mountain;7
2964;231;111;1;land;false;plains;7
2965;182;148;1;land;false;mountain;7
2966;216;207;1;land;false;forest;7
2967;171;198;1;land;false;forest;7
2968;231;204;1;land;false;urban;7
2969;236;189;1;land;false;urban;7
2970;208;206;1;land;false;forest;7
2971;212;252;1;land;false;forest;7
2972;16;49;1;land;false;forest;7
2973;33;109;1;land;false;forest;7
2974;6;50;1;land;false;forest;7
2975;1;176;1;land;false;plains;7
2976;50;188;1;land;false;plains;7
2977;29;204;1;land;false;plains;7
2978;53;202;1;land;false;plains;7
2979;13;206;1;land;false;plains;7
2980;6;170;1;land;false;plains;7
2981;17;187;1;land;false;plains;7
2982;30;158;1;land;false;plains;7
2983;10;216;1;land;false;plains;7
2984;27;184;1;land;false;plains;7
2985;101;100;1;land;false;forest;7
2986;77;100;1;land;false;forest;7
2987;107;237;1;land;false;forest;7
2988;118;174;1;land;false;urban;7
2989;87;225;1;land;false;urban;7
2990;208;76;1;land;false;plains;7
2991;182;14;1;land;false;forest;7
2992;172;85;1;land;false;urban;7
2993;155;38;1;land;false;plains;7
2994;154;21;1;land;false;plains;7
2995;157;147;1;land;false;plains;7
2996;173;172;1;land;false;hills;7
2997;213;191;1;land;false;mountain;7
2998;211;194;1;land;false;plains;7
2999;160;175;1;land;false;mountain;7
3000;221;199;1;land;false;mountain;7
3001;210;146;1;land;false;hills;7
3002;168;138;1;land;false;plains;7
3003;220;197;1;land;false;mountain;7
3004;215;204;1;land;false;hills;7
3005;208;175;1;land;false;hills;7
3006;206;151;1;land;false;plains;7
3007;163;154;1;land;false;plains;7
3008;168;141;1;land;false;plains;7
3009;196;166;1;land;false;plains;7
3010;223;156;1;land;false;mountain;7
3011;173;202;1;land;false;hills;7
3012;164;185;1;land;false;hills;7
3013;196;209;1;land;false;plains;7
3014;221;200;1;land;false;plains;7
3015;166;203;1;land;false;hills;7
3016;185;190;1;land;false;plains;7
3017;186;169;1;land;false;mountain;7
3018;62;75;1;land;true;forest;7
3019;43;212;1;land;false;forest;7
3020;26;188;1;land;false;forest;7
3021;26;209;1;land;false;forest;7
3022;37;177;1;land;false;urban;7
3023;71;182;1;land;false;urban;7
3024;39;139;1;land;false;forest;7
3025;250;121;1;land;false;urban;7
3026;251;135;1;land;false;forest;7
3027;215;135;1;land;false;forest;7
3028;216;128;1;land;false;forest;7
3029;78;142;1;land;false;forest;7
3030;64;116;1;land;false;forest;7
3031;141;104;1;land;false;urban;7
3032;123;121;1;land;false;forest;7
3033;107;90;1;land;false;forest;7
3034;79;142;1;land;false;urban;7
3035;141;207;1;land;false;forest;7
3036;143;243;1;land;false;urban;7
3037;140;185;1;land;false;urban;7
3038;160;253;1;land;false;forest;7
3039;158;231;1;land;false;forest;7
3040;164;226;1;land;false;urban;7
3041;50;227;1;land;true;forest;7
3042;68;186;1;land;true;jungle;7
3043;115;175;1;land;false;plains;7
3044;91;214;1;land;false;forest;7
3045;70;154;1;land;true;forest;7
3046;66;159;1;land;false;urban;7
3047;128;40;1;land;false;forest;7
3048;70;90;1;land;false;urban;7
3049;216;199;1;land;false;hills;7
3050;220;178;1;land;false;plains;7
3051;242;200;1;land;false;plains;7
3052;248;203;1;land;true;forest;7
3053;217;169;1;land;false;hills;7
3054;239;137;1;land;true;forest;7
3055;227;168;1;land;false;plains;7
3056;241;147;1;land;false;plains;7
3057;237;156;1;land;false;hills;7
3058;239;168;1;land;true;plains;7
3059;235;191;1;land;true;forest;7
3060;248;161;1;land;false;plains;7
3061;249;157;1;land;false;plains;7
3062;243;189;1;land;false;hills;7
3063;218;140;1;land;false;plains;7
3064;245;155;1;land;false;plains;7
3065;249;128;1;land;false;hills;7
3066;220;141;1;land;false;plains;7
3067;220;130;1;land;true;forest;7
3068;22;27;1;land;false;forest;7
3069;9;54;1;land;false;plains;7
3070;8;33;1;land;false;urban;7
3071;21;62;1;land;false;forest;7
3072;13;30;1;land;false;forest;7
3073;39;40;1;land;false;forest;7
3074;99;204;1;land;false;forest;7
3075;98;137;1;land;false;urban;7
3076;79;168;1;land;false;urban;7
3077;112;172;1;land;false;forest;7
3078;89;203;1;land;false;urban;7
3079;139;13;1;land;false;forest;7
3080;146;45;1;land;false;jungle;7
3081;115;26;1;land;false;forest;7
3082;129;65;1;land;false;jungle;7
3083;134;22;1;land;false;urban;7
3084;135;19;1;land;false;urban;7
3085;88;36;1;land;false;urban;7
3086;25;121;1;land;false;forest;7
3087;16;92;1;land;false;forest;7
3088;39;112;1;land;false;jungle;7
3089;66;131;1;land;false;forest;7
3090;76;103;1;land;false;forest;7
3091;55;145;1;land;false;forest;7
3092;108;39;1;land;false;forest;7
3093;144;24;1;land;false;forest;7
3094;114;21;1;land;false;forest;7
3095;138;143;1;land;false;forest;7
3096;214;227;1;land;false;urban;7
3097;33;223;1;land;false;forest;7
3098;63;224;1;land;false;forest;7
3099;64;253;1;land;false;urban;7
3100;72;200;1;land;false;forest;7
3101;73;100;1;land;false;hills;7
3102;58;55;1;land;false;plains;7
3103;50;82;1;land;false;hills;7
3104;78;76;1;land;false;plains;7
3105;67;91;1;land;false;hills;7
3106;68;108;1;land;false;plains;7
3107;106;187;1;land;false;forest;7
3108;157;195;1;land;false;forest;7
3109;125;222;1;land;false;urban;7
3110;172;23;1;land;false;mountain;7
3111;152;30;1;land;false;mountain;7
3112;123;87;1;land;false;mountain;7
3113;145;72;1;land;false;mountain;7
3114;107;57;1;land;false;plains;7
3115;135;83;1;land;false;plains;7
3116;130;24;1;land;false;plains;7
3117;161;27;1;land;false;plains;7
3118;114;81;1;land;false;mountain;7
3119;161;100;1;land;false;hills;7
3120;154;24;1;land;false;forest;7
3121;115;76;1;land;false;mountain;7
3122;120;50;1;land;false;forest;7
3123;165;61;1;land;false;plains;7
3124;133;86;1;land;false;mountain;7
3125;152;64;1;land;false;forest;7
3126;100;66;1;land;false;hills;7
3127;189;151;1;land;true;forest;7
3128;228;104;1;land;false;urban;7
3129;62;175;1;land;false;plains;7
3130;42;117;1;land;false;plains;7
3131;38;146;1;land;false;plains;7
3132;86;96;1;land;false;hills;7
3133;125;86;1;land;false;mountain;7
3134;121;137;1;land;false;mountain;7
3135;117;144;1;land;false;mountain;7
3136;107;109;1;land;false;forest;7
3137;131;86;1;land;false;mountain;7
3138;147;149;1;land;false;mountain;7
3139;105;105;1;land;false;hills;7
3140;87;91;1;land;false;hills;7
3141;116;150;1;land;false;mountain;7
3142;87;229;1;land;false;plains;7
3143;102;236;1;land;false;jungle;7
3144;145;230;1;land;false;forest;7
3145;84;236;1;land;false;jungle;7
3146;186;195;1;land;true;plains;7
3147;197;214;1;land;false;urban;7
3148;41;163;1;land;false;forest;7
3149;73;174;1;land;false;forest;7
3150;163;70;1;land;true;hills;7
3151;121;173;1;land;false;forest;7
3152;185;87;1;land;false;forest;7
3153;222;185;1;land;false;plains;7
3154;204;179;1;land;false;plains;7
3155;209;201;1;land;false;plains;7
3156;112;29;1;land;false;plains;7
3157;98;87;1;land;false;desert;7
3158;115;100;1;land;false;plains;7
3159;81;83;1;land;false;plains;7
3160;104;91;1;land;false;plains;7
3161;68;153;1;land;false;plains;7
3162;71;216;1;land;false;mountain;7
3163;96;170;1;land;false;plains;7
3164;84;153;1;land;false;hills;7
3165;80;216;1;land;false;plains;7
3166;75;169;1;land;false;plains;7
3167;61;167;1;land;false;plains;7
3168;98;157;1;land;false;mountain;7
3169;123;216;1;land;false;mountain;7
3170;159;69;1;land;false;forest;7
3171;132;39;1;land;false;forest;7
3172;168;13;1;land;false;forest;7
3173;147;62;1;land;false;forest;7
3174;161;33;1;land;false;forest;7
3175;176;42;1;land;false;forest;7
3176;126;0;1;land;false;forest;7
3177;111;27;1;land;true;forest;7
3178;139;45;1;land;false;urban;7
3179;180;12;1;land;false;forest;7
3180;122;22;1;land;false;forest;7
3181;150;181;1;land;false;plains;7
3182;157;178;1;land;false;plains;7
3183;237;58;1;land;true;jungle;7
3184;217;45;1;land;true;forest;7
3185;231;14;1;land;false;forest;7
3186;217;74;1;land;true;forest;7
3187;40;144;1;land;false;forest;7
3188;31;149;1;land;false;urban;7
3189;44;156;1;land;false;urban;7
3190;50;9;1;land;true;forest;7
3191;91;140;1;land;false;plains;7
3192;115;110;1;land;false;plains;7
3193;92;157;1;land;false;plains;7
3194;90;137;1;land;false;plains;7
3195;65;127;1;land;false;plains;7
3196;65;128;1;land;false;plains;7
3197;76;115;1;land;false;plains;7
3198;58;133;1;land;false;plains;7
3199;77;133;1;land;false;plains;7
3200;94;91;1;land;false;plains;7
3201;101;147;1;land;false;plains;7
3202;61;99;1;land;false;plains;7
3203;43;102;1;land;false;plains;7
3204;103;158;1;land;false;plains;7
3205;105;159;1;land;false;plains;7
3206;42;158;1;land;false;desert;7
3207;36;93;1;land;false;plains;7
3208;73;135;1;land;false;desert;7
3209;79;112;1;land;false;plains;7
3210;104;128;1;land;false;plains;7
3211;110;160;1;land;false;plains;7
3212;37;151;1;land;false;plains;7
3213;56;117;1;land;false;plains;7
3214;49;95;1;land;false;plains;7
3215;77;165;1;land;false;plains;7
3216;198;45;1;land;false;plains;7
3217;223;99;1;land;false;forest;7
3218;250;75;1;land;false;forest;7
3219;218;68;1;land;false;forest;7
3220;224;119;1;land;false;forest;7
3221;100;125;1;land;false;forest;7
3222;79;106;1;land;false;urban;7
3223;126;100;1;land;false;forest;7
3224;124;141;1;land;false;urban;7
3225;70;125;1;land;false;urban;7
3226;78;140;1;land;false;urban;7
3227;137;123;1;land;false;forest;7
3228;28;59;1;land;false;forest;7
3229;94;64;1;land;false;forest;7
3230;41;0;1;land;false;urban;7
3231;74;0;1;land;false;forest;7
3232;17;63;1;land;false;urban;7
3233;56;17;1;land;false;forest;7
3234;128;188;1;land;false;forest;7
3235;153;209;1;land;false;forest;7
3236;186;142;1;land;false;urban;7
3237;185;189;1;land;false;forest;7
3238;146;208;1;land;false;forest;7
3239;136;145;1;land;false;forest;7
3240;76;167;1;land;true;forest;7
3241;83;126;1;land;true;forest;7
3242;64;187;1;land;true;forest;7
3243;41;3;1;land;false;hills;7
3244;101;36;1;land;false;hills;7
3245;104;4;1;land;true;hills;7
3246;54;7;1;land;false;plains;7
3247;96;14;1;land;false;hills;7
3248;94;34;1;land;true;hills;7
3249;75;13;1;land;true;hills;7
3250;107;16;1;land;false;plains;7
3251;99;27;1;land;false;hills;7
3252;214;115;1;land;false;forest;7
3253;215;155;1;land;false;forest;7
3254;213;144;1;land;false;urban;7
3255;250;126;1;land;false;forest;7
3256;217;90;1;land;false;forest;7
3257;207;94;1;land;false;urban;7
3258;247;230;1;land;false;forest;7
3259;235;205;1;land;false;urban;7
3260;245;233;1;land;false;urban;7
3261;94;79;1;land;false;forest;7
3262;17;94;1;land;false;forest;7
3263;31;226;1;land;false;plains;7
3264;61;170;1;land;false;plains;7
3265;80;219;1;land;false;desert;7
3266;55;187;1;land;false;plains;7
3267;63;219;1;land;false;plains;7
3268;48;237;1;land;false;plains;7
3269;39;244;1;land;false;plains;7
3270;77;180;1;land;false;plains;7
3271;47;185;1;land;false;plains;7
3272;100;242;1;land;false;plains;7
3273;178;78;1;land;false;forest;7
3274;164;93;1;land;false;urban;7
3275;153;82;1;land;false;forest;7
3276;149;115;1;land;false;urban;7
3277;113;106;1;land;false;forest;7
3278;117;104;1;land;false;urban;7
3279;117;99;1;land;false;urban;7
3280;121;81;1;land;false;plains;7
3281;131;203;1;land;false;forest;7
3282;137;154;1;land;false;urban;7
3283;123;224;1;land;false;forest;7
3284;137;179;1;land;false;forest;7
3285;107;204;1;land;false;forest;7
3286;120;207;1;land;false;forest;7
3287;0;72;1;land;false;forest;7
3288;0;18;1;land;false;urban;7
3289;54;11;1;land;false;forest;7
3290;24;19;1;land;false;forest;7
3291;32;43;1;land;false;forest;7
3292;13;26;1;land;false;forest;7
3293;24;56;1;land;false;forest;7
3294;1;41;1;land;false;urban;7
3295;98;131;1;land;true;plains;7
3296;96;135;1;land;true;plains;7
3297;133;157;1;land;false;forest;7
3298;71;136;1;land;true;forest;7
3299;127;125;1;land;true;forest;7
3300;104;119;1;land;true;urban;7
3301;142;153;1;land;false;plains;7
3302;135;142;1;land;false;urban;7
3303;96;169;1;land;true;plains;7
3304;77;123;1;land;false;forest;7
3305;138;135;1;land;true;plains;7
3306;125;129;1;land;false;forest;7
3307;84;116;1;land;false;plains;7
3308;187;80;1;land;false;desert;7
3309;204;50;1;land;true;plains;7
3310;141;37;1;land;false;hills;7
3311;148;43;1;land;false;desert;7
3312;19;222;1;land;true;forest;7
3313;19;50;1;land;false;plains;7
3314;18;41;1;land;false;urban;7
3315;210;36;1;land;false;forest;7
3316;230;75;1;land;false;urban;7
3317;212;25;1;land;false;forest;7
3318;197;64;1;land;false;urban;7
3319;41;49;1;land;false;forest;7
3320;1;25;1;land;false;forest;7
3321;1;34;1;land;false;forest;7
3322;5;51;1;land;false;forest;7
3323;12;13;1;land;false;urban;7
3324;22;54;1;land;false;forest;7
3325;204;146;1;land;false;forest;7
3326;175;115;1;land;false;forest;7
3327;160;142;1;land;false;forest;7
3328;153;213;1;land;false;forest;7
3329;168;245;1;land;false;forest;7
3330;187;215;1;land;false;forest;7
3331;157;221;1;land;false;forest;7
3332;185;247;1;land;false;forest;7
3333;206;222;1;land;false;forest;7
3334;179;212;1;land;false;forest;7
3335;177;100;1;land;true;forest;7
3336;198;145;1;land;true;urban;7
3337;215;173;1;land;false;urban;7
3338;27;103;1;land;false;forest;7
3339;69;122;1;land;false;urban;7
3340;57;142;1;land;true;forest;7
3341;42;166;1;land;false;forest;7
3342;61;113;1;land;true;forest;7
3343;54;161;1;land;false;forest;7
3344;72;104;1;land;false;forest;7
3345;42;134;1;land;true;forest;7
3346;27;119;1;land;true;forest;7
3347;82;135;1;land;false;forest;7
3348;81;21;1;land;false;urban;7
3349;87;3;1;land;false;plains;7
3350;17;29;1;land;false;plains;7
3351;39;19;1;land;false;plains;7
3352;97;109;1;land;false;forest;7
3353;219;80;1;land;false;plains;7
3354;240;87;1;land;false;plains;7
3355;219;97;1;land;false;forest;7
3356;228;101;1;land;false;plains;7
3357;193;107;1;land;false;plains;7
3358;245;124;1;land;false;plains;7
3359;230;146;1;land;false;plains;7
3360;247;147;1;land;false;plains;7
3361;224;145;1;land;false;forest;7
3362;180;139;1;land;false;plains;7
3363;228;94;1;land;false;plains;7
3364;237;123;1;land;false;forest;7
3365;199;152;1;land;false;plains;7
3366;241;95;1;land;false;plains;7
3367;201;76;1;land;true;forest;7
3368;226;146;1;land;true;forest;7
3369;71;172;1;land;false;urban;7
3370;42;200;1;land;false;mountain;7
3371;75;213;1;land;false;plains;7
3372;91;152;1;land;false;plains;7
3373;71;140;1;land;false;hills;7
3374;88;203;1;land;false;hills;7
3375;56;137;1;land;false;plains;7
3376;101;178;1;land;false;mountain;7
3377;15;102;1;land;false;forest;7
3378;42;138;1;land;true;hills;7
3379;15;99;1;land;true;hills;7
3380;138;225;1;land;false;forest;7
3381;80;254;1;land;false;urban;7
3382;107;231;1;land;false;forest;7
3383;118;212;1;land;false;forest;7
3384;79;239;1;land;false;forest;7
3385;166;134;1;land;true;forest;7
3386;118;82;1;land;true;forest;7
3387;112;70;1;land;true;hills;7
3388;184;68;1;land;false;forest;7
3389;211;90;1;land;false;urban;7
3390;210;54;1;land;true;urban;7
3391;82;198;1;land;true;forest;7
3392;139;211;1;land;false;forest;7
3393;136;163;1;land;true;forest;7
3394;69;215;1;land;false;forest;7
3395;135;168;1;land;true;forest;7
3396;123;168;1;land;false;urban;7
3397;195;51;1;land;true;forest;7
3398;180;37;1;land;true;forest;7
3399;65;15;1;land;false;forest;7
3400;0;13;1;land;false;jungle;7
3401;39;8;1;land;false;urban;7
3402;49;3;1;land;false;forest;7
3403;3;62;1;land;false;forest;7
3404;38;48;1;land;false;forest;7
3405;32;20;1;land;false;forest;7
3406;39;32;1;land;false;forest;7
3407;72;51;1;land;false;forest;7
3408;20;35;1;land;false;jungle;7
3409;148;191;1;land;false;hills;7
3410;96;186;1;land;true;hills;7
3411;154;130;1;land;true;hills;7
3412;96;192;1;land;true;hills;7
3413;120;139;1;land;false;hills;7
3414;161;138;1;land;false;hills;7
3415;139;10;1;land;false;forest;7
3416;157;5;1;land;false;forest;7
3417;119;20;1;land;false;forest;7
3418;101;13;1;land;false;forest;7
3419;132;17;1;land;false;forest;7
3420;173;2;1;land;false;plains;7
3421;124;16;1;land;false;forest;7
3422;144;27;1;land;false;forest;7
3423;174;45;1;land;false;urban;7
3424;147;36;1;land;false;forest;7
3425;90;19;1;land;false;forest;7
3426;71;58;1;land;false;forest;7
3427;52;23;1;land;false;forest;7
3428;175;137;1;land;false;jungle;7
3429;148;102;1;land;false;jungle;7
3430;197;147;1;land;false;jungle;7
3431;203;85;1;land;false;jungle;7
3432;102;36;1;land;true;plains;7
3433;92;8;1;land;true;plains;7
3434;100;0;1;land;true;plains;7
3435;112;4;1;land;true;plains;7
3436;67;80;1;land;true;forest;7
3437;111;141;1;land;false;forest;7
3438;110;154;1;land;false;urban;7
3439;96;84;1;land;true;forest;7
3440;42;94;1;land;true;forest;7
3441;52;87;1;land;false;forest;7
3442;72;105;1;land;true;forest;7
3443;56;118;1;land;true;forest;7
3444;85;104;1;land;false;forest;7
3445;83;76;1;land;false;forest;7
3446;126;120;1;land;false;forest;7
3447;94;132;1;land;false;forest;7
3448;176;203;1;land;false;plains;7
3449;169;179;1;land;false;plains;7
3450;156;201;1;land;false;mountain;7
3451;170;186;1;land;false;hills;7
3452;184;231;1;land;false;mountain;7
3453;202;254;1;land;false;mountain;7
3454;228;183;1;land;false;plains;7
3455;163;178;1;land;false;mountain;7
3456;154;211;1;land;false;mountain;7
3457;170;196;1;land;false;hills;7
3458;173;253;1;land;false;plains;7
3459;205;190;1;land;false;hills;7
3460;197;204;1;land;false;desert;7
3461;175;236;1;land;false;mountain;7
3462;168;236;1;land;false;mountain;7
3463;187;185;1;land;false;mountain;7
3464;185;224;1;land;false;hills;7
3465;182;251;1;land;false;hills;7
3466;157;181;1;land;false;plains;7
3467;203;190;1;land;false;mountain;7
3468;162;199;1;land;false;mountain;7
3469;181;213;1;land;false;mountain;7
3470;190;200;1;land;false;hills;7
3471;207;232;1;land;false;hills;7
3472;221;253;1;land;false;plains;7
3473;230;246;1;land;false;mountain;7
3474;154;213;1;land;false;desert;7
3475;201;191;1;land;false;plains;7
3476;205;243;1;land;false;desert;7
3477;219;244;1;land;false;mountain;7
3478;214;201;1;land;false;mountain;7
3479;184;201;1;land;false;hills;7
3480;160;234;1;land;false;plains;7
3481;216;243;1;land;false;mountain;7
3482;186;181;1;land;false;plains;7
3483;228;247;1;land;false;desert;7
3484;228;202;1;land;false;hills;7
3485;147;57;1;land;false;hills;7
3486;196;24;1;land;false;plains;7
3487;154;73;1;land;false;plains;7
3488;148;72;1;land;false;plains;7
3489;200;51;1;land;false;plains;7
3490;183;91;1;land;false;plains;7
3491;186;29;1;land;false;plains;7
3492;141;99;1;land;false;plains;7
3493;135;69;1;land;false;plains;7
3494;207;87;1;land;false;plains;7
3495;163;96;1;land;false;plains;7
3496;178;26;1;land;false;plains;7
3497;134;33;1;land;false;urban;7
3498;174;22;1;land;false;plains;7
3499;134;35;1;land;false;plains;7
3500;187;96;1;land;false;urban;7
3501;132;67;1;land;false;plains;7
3502;170;35;1;land;false;plains;7
3503;169;63;1;land;false;urban;7
3504;194;32;1;land;false;plains;7
3505;152;91;1;land;false;plains;7
3506;208;35;1;land;false;hills;7
3507;206;78;1;land;false;plains;7
3508;157;65;1;land;false;plains;7
3509;200;63;1;land;false;plains;7
3510;197;144;1;land;false;plains;7
3511;209;141;1;land;false;plains;7
3512;201;166;1;land;false;plains;7
3513;228;152;1;land;false;plains;7
3514;240;152;1;land;false;plains;7
3515;213;117;1;land;false;plains;7
3516;200;178;1;land;false;plains;7
3517;204;162;1;land;false;plains;7
3518;175;210;1;land;false;hills;7
3519;178;243;1;land;true;hills;7
3520;180;208;1;land;true;hills;7
3521;170;231;1;land;false;hills;7
3522;159;222;1;land;false;hills;7
3523;26;113;1;land;false;plains;7
3524;0;57;1;land;false;hills;7
3525;33;114;1;land;false;forest;7
3526;8;85;1;land;false;hills;7
3527;12;73;1;land;false;plains;7
3528;34;100;1;land;false;plains;7
3529;41;54;1;land;false;plains;7
3530;43;67;1;land;false;hills;7
3531;167;131;1;land;false;forest;7
3532;177;93;1;land;false;hills;7
3533;136;133;1;land;false;hills;7
3534;169;107;1;land;false;mountain;7
3535;163;93;1;land;false;mountain;7
3536;46;196;1;land;false;forest;7
3537;68;175;1;land;false;forest;7
3538;23;169;1;land;false;urban;7
3539;46;189;1;land;false;plains;7
3540;193;182;1;land;false;forest;7
3541;212;182;1;land;false;urban;7
3542;203;229;1;land;false;forest;7
3543;231;180;1;land;false;forest;7
3544;163;251;1;land;false;forest;7
3545;159;219;1;land;false;forest;7
3546;215;238;1;land;false;forest;7
3547;132;8;1;land;false;forest;7
3548;115;21;1;land;false;plains;7
3549;64;11;1;land;false;forest;7
3550;33;151;1;land;false;plains;7
3551;2;169;1;land;false;plains;7
3552;32;183;1;land;false;plains;7
3553;57;132;1;land;false;plains;7
3554;42;179;1;land;false;plains;7
3555;1;133;1;land;false;plains;7
3556;23;178;1;land;false;plains;7
3557;21;192;1;land;false;hills;7
3558;58;136;1;land;false;plains;7
3559;6;151;1;land;false;hills;7
3560;23;132;1;land;false;plains;7
3561;20;180;1;land;false;plains;7
3562;2;185;1;land;false;plains;7
3563;35;122;1;land;false;hills;7
3564;26;162;1;land;false;plains;7
3565;227;91;1;land;false;forest;7
3566;250;71;1;land;false;forest;7
3567;233;37;1;land;false;forest;7
3568;59;38;1;land;false;forest;7
3569;89;34;1;land;false;urban;7
3570;62;113;1;land;false;plains;7
3571;103;136;1;land;false;plains;7
3572;40;122;1;land;false;plains;7
3573;47;117;1;land;false;plains;7
3574;89;121;1;land;true;plains;7
3575;96;102;1;land;false;plains;7
3576;57;129;1;land;false;plains;7
3577;53;134;1;land;true;plains;7
3578;8;34;1;land;false;hills;7
3579;229;138;1;land;true;forest;7
3580;102;133;1;land;false;mountain;7
3581;83;130;1;land;false;hills;7
3582;152;65;1;land;false;mountain;7
3583;125;141;1;land;false;hills;7
3584;127;88;1;land;false;mountain;7
3585;108;125;1;land;false;mountain;7
3586;95;68;1;land;false;mountain;7
3587;100;135;1;land;false;mountain;7
3588;119;133;1;land;false;mountain;7
3589;99;87;1;land;false;mountain;7
3590;132;94;1;land;false;mountain;7
3591;124;91;1;land;false;mountain;7
3592;103;127;1;land;false;mountain;7
3593;88;124;1;land;false;mountain;7
3594;123;67;1;land;false;mountain;7
3595;13;110;1;land;true;forest;7
3596;241;93;1;land;false;plains;7
3597;240;53;1;land;false;plains;7
3598;241;70;1;land;false;plains;7
3599;245;83;1;land;false;plains;7
3600;211;70;1;land;false;plains;7
3601;218;61;1;land;false;plains;7
3602;223;65;1;land;false;plains;7
3603;193;33;1;land;false;plains;7
3604;36;187;1;land;false;forest;7
3605;24;201;1;land;true;forest;7
3606;5;26;1;land;false;plains;7
3607;26;7;1;land;false;plains;7
3608;13;7;1;land;false;plains;7
3609;27;5;1;land;false;plains;7
3610;34;31;1;land;false;plains;7
3611;114;235;1;land;false;plains;7
3612;106;188;1;land;true;forest;7
3613;172;208;1;land;true;hills;7
3614;161;218;1;land;true;plains;7
3615;165;246;1;land;true;plains;7
3616;112;248;1;land;false;plains;7
3617;163;218;1;land;false;forest;7
3618;120;244;1;land;false;plains;7
3619;142;231;1;land;true;plains;7
3620;168;198;1;land;false;plains;7
3621;125;186;1;land;true;forest;7
3622;170;204;1;land;false;plains;7
3623;218;87;1;land;false;plains;7
3624;218;70;1;land;false;desert;7
3625;213;46;1;land;false;plains;7
3626;190;69;1;land;false;plains;7
3627;210;70;1;land;false;desert;7
3628;217;88;1;land;false;plains;7
3629;224;106;1;land;true;plains;7
3630;192;98;1;land;true;hills;7
3631;77;221;1;land;true;forest;7
3632;104;175;1;land;false;urban;7
3633;69;189;1;land;false;forest;7
3634;118;223;1;land;true;forest;7
3635;103;209;1;land;true;forest;7
3636;12;112;1;land;false;forest;7
3637;30;73;1;land;true;urban;7
3638;57;89;1;land;true;urban;7
3639;10;128;1;land;false;forest;7
3640;47;130;1;land;true;forest;7
3641;36;106;1;land;false;forest;7
3642;13;248;1;land;true;forest;7
3643;20;243;1;land;false;forest;7
3644;4;217;1;land;false;forest;7
3645;26;227;1;land;false;jungle;7
3646;30;221;1;land;false;forest;7
3647;37;235;1;land;false;jungle;7
3648;14;207;1;land;false;forest;7
3649;142;18;1;land;false;desert;7
3650;169;85;1;land;false;plains;7
3651;138;53;1;land;false;plains;7
3652;191;72;1;land;false;plains;7
3653;184;41;1;land;false;plains;7
3654;140;64;1;land;false;plains;7
3655;137;63;1;land;false;plains;7
3656;164;59;1;land;false;plains;7
3657;176;15;1;land;false;hills;7
3658;193;45;1;land;false;plains;7
3659;186;90;1;land;false;plains;7
3660;171;48;1;land;false;plains;7
3661;114;48;1;land;false;hills;7
3662;151;77;1;land;false;plains;7
3663;136;75;1;land;false;desert;7
3664;127;41;1;land;false;plains;7
3665;165;44;1;land;false;plains;7
3666;134;56;1;land;false;plains;7
3667;123;25;1;land;false;desert;7
3668;161;41;1;land;false;hills;7
3669;123;80;1;land;false;hills;7
3670;140;50;1;land;false;plains;7
3671;161;86;1;land;false;plains;7
3672;191;41;1;land;false;plains;7
3673;160;53;1;land;false;plains;7
3674;119;173;1;land;false;forest;7
3675;144;160;1;land;false;forest;7
3676;134;166;1;land;false;plains;7
3677;156;197;1;land;false;forest;7
3678;63;103;1;land;false;forest;7
3679;90;75;1;land;false;plains;7
3680;28;93;1;land;true;forest;7
3681;69;75;1;land;false;urban;7
3682;95;111;1;land;false;forest;7
3683;170;112;1;land;false;forest;7
3684;156;166;1;land;false;forest;7
3685;216;181;1;land;false;urban;7
3686;195;116;1;land;false;forest;7
3687;163;142;1;land;false;forest;7
3688;159;111;1;land;false;urban;7
3689;80;155;1;land;false;plains;7
3690;120;202;1;land;false;forest;7
3691;107;206;1;land;false;urban;7
3692;89;201;1;land;false;forest;7
3693;131;174;1;land;false;forest;7
3694;92;221;1;land;false;forest;7
3695;216;251;1;land;false;plains;7
3696;222;229;1;land;false;desert;7
3697;241;240;1;land;false;desert;7
3698;219;227;1;land;false;plains;7
3699;218;230;1;land;false;desert;7
3700;215;232;1;land;false;plains;7
3701;175;59;1;land;true;hills;7
3702;148;158;1;land;false;forest;7
3703;121;103;1;land;false;forest;7
3704;198;172;1;land;false;mountain;7
3705;168;240;1;land;false;mountain;7
3706;191;245;1;land;false;mountain;7
3707;217;219;1;land;false;mountain;7
3708;201;202;1;land;false;mountain;7
3709;194;236;1;land;false;mountain;7
3710;150;208;1;land;false;mountain;7
3711;142;230;1;land;false;mountain;7
3712;216;235;1;land;false;mountain;7
3713;218;245;1;land;false;mountain;7
3714;175;188;1;land;false;mountain;7
3715;199;229;1;land;false;mountain;7
3716;166;244;1;land;false;mountain;7
3717;142;193;1;land;false;mountain;7
3718;218;248;1;land;false;mountain;7
3719;199;194;1;land;false;mountain;7
3720;169;53;1;land;false;forest;7
3721;142;57;1;land;false;forest;7
3722;147;16;1;land;false;forest;7
3723;236;140;1;land;false;plains;7
3724;199;183;1;land;false;plains;7
3725;250;165;1;land;false;plains;7
3726;219;168;1;land;false;plains;7
3727;238;149;1;land;false;plains;7
3728;221;161;1;land;false;plains;7
3729;247;142;1;land;false;plains;7
3730;215;130;1;land;false;hills;7
3731;186;134;1;land;false;plains;7
3732;242;176;1;land;false;plains;7
3733;243;165;1;land;false;plains;7
3734;226;137;1;land;false;plains;7
3735;212;152;1;land;false;plains;7
3736;239;126;1;land;false;plains;7
3737;208;151;1;land;false;plains;7
3738;211;21;1;land;false;jungle;7
3739;196;76;1;land;false;forest;7
3740;189;50;1;land;false;forest;7
3741;190;37;1;land;false;jungle;7
3742;208;21;1;land;false;urban;7
3743;196;13;1;land;false;jungle;7
3744;203;86;1;land;false;forest;7
3745;34;136;1;land;false;forest;7
3746;38;121;1;land;false;urban;7
3747;50;139;1;land;false;urban;7
3748;9;194;1;land;false;forest;7
3749;4;183;1;land;false;urban;7
3750;26;152;1;land;false;forest;7
3751;34;182;1;land;false;forest;7
3752;23;181;1;land;false;forest;7
3753;234;18;1;land;false;forest;7
3754;220;7;1;land;false;urban;7
3755;172;149;1;land;false;forest;7
3756;51;112;1;land;true;forest;7
3757;198;214;1;land;true;forest;7
3758;201;204;1;land;false;forest;7
3759;227;229;1;land;true;forest;7
3760;204;204;1;land;true;forest;7
3761;233;230;1;land;true;forest;7
3762;235;135;1;land;false;plains;7
3763;253;141;1;land;false;mountain;7
3764;251;167;1;land;false;mountain;7
3765;222;100;1;land;false;mountain;7
3766;205;150;1;land;false;hills;7
3767;243;149;1;land;false;mountain;7
3768;198;104;1;land;false;hills;7
3769;238;158;1;land;false;mountain;7
3770;234;168;1;land;false;mountain;7
3771;215;120;1;land;false;mountain;7
3772;233;170;1;land;false;mountain;7
3773;194;99;1;land;false;mountain;7
3774;192;168;1;land;false;mountain;7
3775;200;117;1;land;false;mountain;7
3776;189;137;1;land;false;mountain;7
3777;210;167;1;land;false;mountain;7
3778;233;156;1;land;false;mountain;7
3779;240;176;1;land;false;mountain;7
3780;205;177;1;land;false;mountain;7
3781;230;123;1;land;false;mountain;7
3782;234;136;1;land;false;hills;7
3783;205;151;1;land;false;mountain;7
3784;123;113;1;land;false;forest;7
3785;151;12;1;land;false;plains;7
3786;83;11;1;land;false;forest;7
3787;107;6;1;land;false;forest;7
3788;75;17;1;land;false;urban;7
3789;95;50;1;land;false;forest;7
3790;150;15;1;land;false;urban;7
3791;137;4;1;land;false;urban;7
3792;162;193;1;land;false;plains;7
3793;167;199;1;land;false;hills;7
3794;180;252;1;land;false;plains;7
3795;143;198;1;land;false;plains;7
3796;57;122;1;land;false;forest;7
3797;66;212;1;land;false;forest;7
3798;24;191;1;land;false;forest;7
3799;73;193;1;land;false;forest;7
3800;49;210;1;land;false;hills;7
3801;106;171;1;land;false;hills;7
3802;51;215;1;land;false;forest;7
3803;112;144;1;land;false;plains;7
3804;49;143;1;land;false;forest;7
3805;46;207;1;land;false;plains;7
3806;61;163;1;land;false;mountain;7
3807;77;184;1;land;false;forest;7
3808;81;172;1;land;false;plains;7
3809;74;206;1;land;false;forest;7
3810;51;98;1;land;false;forest;7
3811;43;72;1;land;false;urban;7
3812;23;92;1;land;false;forest;7
3813;182;137;1;land;false;urban;7
3814;159;157;1;land;false;forest;7
3815;221;90;1;land;false;forest;7
3816;247;54;1;land;true;plains;7
3817;229;101;1;land;true;plains;7
3818;240;58;1;land;false;plains;7
3819;206;92;1;land;true;plains;7
3820;206;77;1;land;false;plains;7
3821;242;108;1;land;false;plains;7
3822;207;65;1;land;false;plains;7
3823;203;103;1;land;true;plains;7
3824;217;112;1;land;false;plains;7
3825;158;187;1;land;true;forest;7
3826;139;180;1;land;false;forest;7
3827;122;220;1;land;false;plains;7
3828;143;233;1;land;false;forest;7
3829;102;156;1;land;true;forest;7
3830;111;166;1;land;false;forest;7
3831;156;177;1;land;false;urban;7
3832;59;189;1;land;false;plains;7
3833;67;224;1;land;false;plains;7
3834;74;220;1;land;false;plains;7
3835;55;195;1;land;false;plains;7
3836;22;205;1;land;false;plains;7
3837;64;153;1;land;false;plains;7
3838;13;221;1;land;false;plains;7
3839;13;154;1;land;false;plains;7
3840;47;159;1;land;false;plains;7
3841;160;145;1;land;true;forest;7
3842;208;137;1;land;false;forest;7
3843;202;140;1;land;true;forest;7
3844;75;153;1;land;false;urban;7
3845;105;205;1;land;false;forest;7
3846;96;149;1;land;false;plains;7
3847;93;198;1;land;false;plains;7
3848;93;168;1;land;false;plains;7
3849;65;218;1;land;false;forest;7
3850;84;141;1;land;false;forest;7
3851;102;215;1;land;false;forest;7
3852;102;164;1;land;false;plains;7
3853;106;211;1;land;false;plains;7
3854;68;197;1;land;false;forest;7
3855;105;178;1;land;false;forest;7
3856;50;178;1;land;false;forest;7
3857;104;207;1;land;false;plains;7
3858;70;199;1;land;false;forest;7
3859;98;175;1;land;false;plains;7
3860;85;139;1;land;false;urban;7
3861;40;174;1;land;false;urban;7
3862;48;178;1;land;false;forest;7
3863;87;172;1;land;false;urban;7
3864;29;194;1;land;false;forest;7
3865;36;220;1;land;false;plains;7
3866;19;246;1;land;false;plains;7
3867;29;235;1;land;false;plains;7
3868;39;237;1;land;false;plains;7
3869;35;230;1;land;false;plains;7
3870;13;240;1;land;false;plains;7
3871;32;243;1;land;false;plains;7
3872;31;205;1;land;false;plains;7
3873;20;244;1;land;false;plains;7
3874;19;218;1;land;false;plains;7
3875;30;239;1;land;false;plains;7
3876;31;196;1;land;false;plains;7
3877;4;196;1;land;false;plains;7
3878;28;198;1;land;false;plains;7
3879;20;202;1;land;false;plains;7
3880;203;81;1;land;true;forest;7
3881;114;115;1;land;false;forest;7
3882;121;104;1;land;false;urban;7
3883;113;104;1;land;false;forest;7
3884;143;99;1;land;false;forest;7
3885;36;216;1;land;false;forest;7
3886;76;223;1;land;false;urban;7
3887;17;195;1;land;false;forest;7
3888;74;217;1;land;false;forest;7
3889;23;76;1;land;false;plains;7
3890;41;43;1;land;false;plains;7
3891;16;51;1;land;false;plains;7
3892;9;84;1;land;false;urban;7
3893;38;41;1;land;false;plains;7
3894;65;70;1;land;false;hills;7
3895;29;96;1;land;false;plains;7
3896;17;45;1;land;false;plains;7
3897;18;108;1;land;false;plains;7
3898;23;51;1;land;false;plains;7
3899;64;98;1;land;false;plains;7
3900;36;88;1;land;false;plains;7
3901;62;97;1;land;false;plains;7
3902;248;114;1;land;false;forest;7
3903;213;122;1;land;false;urban;7
3904;181;240;1;land;false;forest;7
3905;226;218;1;land;false;forest;7
3906;232;239;1;land;false;urban;7
3907;204;244;1;land;false;forest;7
3908;215;203;1;land;false;hills;7
3909;170;166;1;land;false;plains;7
3910;136;117;1;land;false;plains;7
3911;140;101;1;land;false;plains;7
3912;184;165;1;land;false;desert;7
3913;174;132;1;land;false;plains;7
3914;190;100;1;land;false;plains;7
3915;173;153;1;land;false;plains;7
3916;187;114;1;land;false;plains;7
3917;121;109;1;land;false;plains;7
3918;162;121;1;land;false;desert;7
3919;149;105;1;land;false;plains;7
3920;143;142;1;land;false;forest;7
3921;165;127;1;land;false;desert;7
3922;160;161;1;land;false;plains;7
3923;160;106;1;land;true;forest;7
3924;186;123;1;land;false;plains;7
3925;162;124;1;land;false;plains;7
3926;171;142;1;land;false;desert;7
3927;132;95;1;land;false;plains;7
3928;153;138;1;land;false;plains;7
3929;186;162;1;land;false;plains;7
3930;145;98;1;land;false;plains;7
3931;126;147;1;land;false;desert;7
3932;117;124;1;land;false;plains;7
3933;171;129;1;land;false;plains;7
3934;154;104;1;land;false;plains;7
3935;150;111;1;land;true;forest;7
3936;33;245;1;land;false;forest;7
3937;22;216;1;land;true;urban;7
3938;9;249;1;land;true;forest;7
3939;29;224;1;land;true;forest;7
3940;39;250;1;land;false;forest;7
3941;37;233;1;land;false;urban;7
3942;189;103;1;land;false;forest;7
3943;199;143;1;land;false;forest;7
3944;235;111;1;land;false;plains;7
3945;206;119;1;land;false;forest;7
3946;219;153;1;land;false;plains;7
3947;77;195;1;land;false;forest;7
3948;34;205;1;land;false;urban;7
3949;17;151;1;land;false;urban;7
3950;19;181;1;land;false;plains;7
3951;133;46;1;land;true;forest;7
3952;119;43;1;land;false;forest;7
3953;153;64;1;land;false;forest;7
3954;118;45;1;land;false;urban;7
3955;135;54;1;land;false;forest;7
3956;101;29;1;land;true;forest;7
3957;94;177;1;land;false;forest;7
3958;85;207;1;land;false;forest;7
3959;66;93;1;land;false;forest;7
3960;7;36;1;land;false;plains;7
3961;15;83;1;land;false;forest;7
3962;37;85;1;land;false;forest;7
3963;50;102;1;land;false;forest;7
3964;19;210;1;land;true;forest;7
3965;8;77;1;land;false;forest;7
3966;5;35;1;land;false;forest;7
3967;5;93;1;land;false;forest;7
3968;150;222;1;land;true;forest;7
3969;146;186;1;land;true;forest;7
3970;69;197;1;land;false;forest;7
3971;84;159;1;land;false;forest;7
3972;79;147;1;land;false;urban;7
3973;80;147;1;land;false;forest;7
3974;119;132;1;land;false;plains;7
3975;74;106;1;land;false;forest;7
3976;129;119;1;land;false;forest;7
3977;70;98;1;land;false;forest;7
3978;93;90;1;land;false;jungle;7
3979;56;34;1;land;false;plains;7
3980;40;16;1;land;false;plains;7
3981;49;1;1;land;false;hills;7
3982;27;34;1;land;false;plains;7
3983;60;4;1;land;false;plains;7
3984;44;36;1;land;false;plains;7
3985;18;31;1;land;false;plains;7
3986;62;4;1;land;false;plains;7
3987;58;4;1;land;false;plains;7
3988;23;4;1;land;false;plains;7
3989;7;23;1;land;false;plains;7
3990;17;4;1;land;false;plains;7
3991;24;11;1;land;false;plains;7
3992;59;28;1;land;false;plains;7
3993;13;6;1;land;false;plains;7
3994;3;30;1;land;false;plains;7
3995;12;41;1;land;false;plains;7
3996;53;40;1;land;false;plains;7
3997;26;1;1;land;false;plains;7
3998;41;175;1;land;false;plains;7
3999;44;181;1;land;false;plains;7
4000;3;153;1;land;false;plains;7
4001;22;185;1;land;false;plains;7
4002;25;169;1;land;false;plains;7
4003;15;124;1;land;false;urban;7
4004;86;130;1;land;false;plains;7
4005;20;105;1;land;false;plains;7
4006;90;113;1;land;false;plains;7
4007;40;67;1;land;false;desert;7
4008;42;85;1;land;false;plains;7
4009;71;124;1;land;false;plains;7
4010;45;60;1;land;false;plains;7
4011;86;93;1;land;false;plains;7
4012;80;69;1;land;false;plains;7
4013;33;17;1;land;false;forest;7
4014;101;7;1;land;false;urban;7
4015;88;5;1;land;false;forest;7
4016;108;24;1;land;false;forest;7
4017;43;44;1;land;false;forest;7
4018;38;46;1;land;false;urban;7
4019;54;36;1;land;false;urban;7
4020;97;17;1;land;false;forest;7
4021;56;25;1;land;false;forest;7
4022;63;31;1;land;false;forest;7
4023;75;29;1;land;false;urban;7
4024;33;184;1;land;true;forest;7
4025;30;147;1;land;false;forest;7
4026;219;46;1;land;false;forest;7
4027;247;48;1;land;true;urban;7
4028;250;87;1;land;true;urban;7
4029;223;31;1;land;false;forest;7
4030;121;18;1;land;false;forest;7
4031;150;21;1;land;false;forest;7
4032;120;38;1;land;true;forest;7
4033;118;27;1;land;true;forest;7
4034;134;31;1;land;false;urban;7
4035;19;155;1;land;false;forest;7
4036;88;194;1;land;false;urban;7
4037;51;142;1;land;false;forest;7
4038;32;176;1;land;false;forest;7
4039;71;147;1;land;false;forest;7
4040;91;188;1;land;false;forest;7
4041;67;174;1;land;false;forest;7
4042;21;148;1;land;false;forest;7
4043;26;176;1;land;false;forest;7
4044;74;159;1;land;false;urban;7
4045;74;144;1;land;false;forest;7
4046;91;127;1;land;false;forest;7
4047;213;118;1;land;false;plains;7
4048;172;112;1;land;false;plains;7
4049;161;105;1;land;false;mountain;7
4050;224;111;1;land;false;hills;7
4051;178;156;1;land;false;mountain;7
4052;173;157;1;land;false;mountain;7
4053;156;124;1;land;false;plains;7
4054;171;137;1;land;false;mountain;7
4055;216;141;1;land;false;mountain;7
4056;171;94;1;land;false;plains;7
4057;158;147;1;land;false;hills;7
4058;152;126;1;land;false;mountain;7
4059;103;104;1;land;false;forest;7
4060;128;129;1;land;false;forest;7
4061;64;84;1;land;false;forest;7
4062;83;134;1;land;false;forest;7
4063;61;33;1;land;false;forest;7
4064;104;10;1;land;false;urban;7
4065;110;22;1;land;false;forest;7
4066;101;27;1;land;false;forest;7
4067;230;223;1;land;false;forest;7
4068;229;219;1;land;false;forest;7
4069;219;253;1;land;false;forest;7
4070;200;181;1;land;false;forest;7
4071;125;234;1;land;true;forest;7
4072;100;104;1;land;false;urban;7
4073;98;134;1;land;false;urban;7
4074;130;240;1;land;false;plains;7
4075;138;193;1;land;false;plains;7
4076;100;177;1;land;false;plains;7
4077;115;169;1;land;false;plains;7
4078;89;210;1;land;false;plains;7
4079;102;180;1;land;false;plains;7
4080;130;170;1;land;false;plains;7
4081;212;57;1;land;false;forest;7
4082;195;49;1;land;false;forest;7
4083;207;66;1;land;false;urban;7
4084;148;50;1;land;false;forest;7
4085;170;90;1;land;false;forest;7
4086;197;74;1;land;false;forest;7
4087;140;37;1;land;false;forest;7
4088;120;168;1;land;false;forest;7
4089;182;203;1;land;false;forest;7
4090;144;178;1;land;false;urban;7
4091;159;215;1;land;false;forest;7
4092;38;183;1;land;false;urban;7
4093;69;198;1;land;false;forest;7
4094;216;10;1;land;true;forest;7
4095;197;54;1;land;true;forest;7
4096;144;122;1;land;false;urban;7
4097;253;192;1;land;true;urban;7
4098;232;147;1;land;true;forest;7
4099;226;203;1;land;false;forest;7
4100;153;238;1;land;false;plains;7
4101;129;235;1;land;false;plains;7
4102;190;236;1;land;false;plains;7
4103;188;164;1;land;false;hills;7
4104;202;177;1;land;false;plains;7
4105;183;197;1;land;false;plains;7
4106;188;175;1;land;false;plains;7
4107;137;236;1;land;false;plains;7
4108;191;188;1;land;false;plains;7
4109;143;188;1;land;false;plains;7
4110;155;184;1;land;false;plains;7
4111;134;196;1;land;false;plains;7
4112;147;224;1;land;false;plains;7
4113;132;190;1;land;false;plains;7
4114;162;179;1;land;false;plains;7
4115;138;239;1;land;false;plains;7
4116;164;204;1;land;false;plains;7
4117;152;216;1;land;false;plains;7
4118;149;189;1;land;false;plains;7
4119;196;196;1;land;false;plains;7
4120;137;228;1;land;false;plains;7
4121;142;161;1;land;false;plains;7
4122;187;200;1;land;false;plains;7
4123;167;210;1;land;false;plains;7
4124;168;193;1;land;false;plains;7
4125;168;215;1;land;false;plains;7
4126;154;17;1;land;true;hills;7
4127;135;33;1;land;true;plains;7
4128;137;40;1;land;true;hills;7
4129;158;39;1;land;false;plains;7
4130;136;45;1;land;true;forest;7
4131;51;17;1;land;false;forest;7
4132;17;16;1;land;false;urban;7
4133;14;14;1;land;false;urban;7
4134;37;41;1;land;false;plains;7
4135;31;33;1;land;false;plains;7
4136;61;130;1;land;true;forest;7
4137;65;141;1;land;false;jungle;7
4138;120;121;1;land;false;forest;7
4139;96;94;1;land;false;urban;7
4140;100;147;1;land;true;forest;7
4141;84;118;1;land;false;jungle;7
4142;69;127;1;land;false;forest;7
4143;92;92;1;land;false;jungle;7
4144;102;130;1;land;false;forest;7
4145;78;123;1;land;false;jungle;7
4146;226;150;1;land;false;plains;7
4147;246;166;1;land;false;plains;7
4148;231;159;1;land;false;desert;7
4149;248;175;1;land;false;plains;7
4150;225;128;1;land;false;plains;7
4151;234;116;1;land;false;plains;7
4152;231;145;1;land;false;plains;7
4153;223;123;1;land;false;plains;7
4154;96;15;1;land;false;forest;7
4155;112;23;1;land;true;urban;7
4156;155;23;1;land;true;forest;7
4157;218;156;1;land;true;forest;7
4158;236;165;1;land;true;forest;7
4159;240;164;1;land;true;forest;7
4160;219;208;1;land;false;plains;7
4161;114;90;1;land;true;forest;7
4162;39;106;1;land;true;forest;7
4163;248;208;1;land;true;hills;7
4164;136;32;1;land;false;forest;7
4165;99;29;1;land;false;forest;7
4166;101;167;1;land;false;plains;7
4167;79;150;1;land;false;plains;7
4168;117;169;1;land;false;hills;7
4169;69;185;1;land;false;plains;7
4170;99;213;1;land;false;plains;7
4171;110;212;1;land;false;plains;7
4172;100;173;1;land;false;plains;7
4173;123;183;1;land;false;hills;7
4174;106;161;1;land;false;plains;7
4175;86;150;1;land;false;plains;7
4176;35;99;1;land;false;hills;7
4177;71;36;1;land;false;plains;7
4178;76;86;1;land;false;plains;7
4179;36;87;1;land;false;plains;7
4180;59;74;1;land;false;plains;7
4181;4;73;1;land;false;plains;7
4182;37;67;1;land;false;plains;7
4183;9;52;1;land;false;plains;7
4184;31;50;1;land;false;plains;7
4185;77;82;1;land;false;plains;7
4186;60;60;1;land;false;plains;7
4187;6;90;1;land;false;plains;7
4188;5;32;1;land;false;plains;7
4189;43;52;1;land;false;plains;7
4190;1;94;1;land;false;plains;7
4191;49;71;1;land;false;plains;7
4192;67;72;1;land;false;plains;7
4193;65;80;1;land;false;plains;7
4194;35;46;1;land;false;plains;7
4195;26;79;1;land;false;plains;7
4196;12;75;1;land;false;plains;7
4197;30;90;1;land;false;plains;7
4198;64;85;1;land;false;plains;7
4199;13;92;1;land;false;plains;7
4200;25;67;1;land;false;plains;7
4201;66;45;1;land;false;plains;7
4202;71;83;1;land;false;urban;7
4203;36;126;1;land;false;forest;7
4204;43;189;1;land;false;plains;7
4205;86;204;1;land;false;urban;7
4206;215;107;1;land;true;forest;7
4207;87;53;1;land;true;forest;7
4208;167;32;1;land;true;forest;7
4209;156;52;1;land;false;forest;7
4210;211;39;1;land;false;urban;7
4211;185;71;1;land;false;forest;7
4212;199;46;1;land;false;forest;7
4213;174;68;1;land;false;urban;7
4214;188;14;1;land;true;forest;7
4215;165;27;1;land;false;forest;7
4216;39;97;1;land;false;jungle;7
4217;35;152;1;land;false;forest;7
4218;48;137;1;land;false;forest;7
4219;34;111;1;land;false;jungle;7
4220;81;28;1;land;true;hills;7
4221;71;20;1;land;true;hills;7
4222;216;212;1;land;false;forest;7
4223;200;244;1;land;false;urban;7
4224;143;137;1;land;false;forest;7
4225;136;49;1;land;true;forest;7
4226;183;28;1;land;false;urban;7
4227;117;10;1;land;true;forest;7
4228;162;23;1;land;true;forest;7
4229;112;51;1;land;true;forest;7
4230;137;23;1;land;false;urban;7
4231;173;6;1;land;false;forest;7
4232;7;200;1;land;false;forest;7
4233;5;213;1;land;false;forest;7
4234;57;247;1;land;false;urban;7
4235;243;64;1;land;false;plains;7
4236;139;62;1;land;true;forest;7
4237;159;39;1;land;false;jungle;7
4238;94;92;1;land;false;plains;7
4239;86;37;1;land;false;plains;7
4240;144;90;1;land;false;plains;7
4241;89;21;1;land;false;urban;7
4242;116;85;1;land;false;forest;7
4243;126;33;1;land;false;forest;7
4244;157;87;1;land;false;jungle;7
4245;178;236;1;land;true;plains;7
4246;98;16;1;land;false;mountain;7
4247;85;17;1;land;false;hills;7
4248;56;53;1;land;false;hills;7
4249;25;37;1;land;false;hills;7
4250;77;8;1;land;false;plains;7
4251;86;32;1;land;false;hills;7
4252;64;41;1;land;false;mountain;7
4253;53;46;1;land;false;plains;7
4254;98;14;1;land;false;mountain;7
4255;20;47;1;land;false;hills;7
4256;48;35;1;land;false;plains;7
4257;36;6;1;land;false;mountain;7
4258;33;47;1;land;false;hills;7
4259;83;1;1;land;false;mountain;7
4260;70;41;1;land;false;plains;7
4261;90;18;1;land;false;hills;7
4262;122;237;1;land;false;forest;7
4263;107;241;1;land;false;forest;7
4264;93;51;1;land;false;forest;7
4265;84;59;1;land;false;forest;7
4266;62;83;1;land;false;forest;7
4267;84;90;1;land;false;forest;7
4268;136;120;1;land;false;forest;7
4269;61;117;1;land;false;forest;7
4270;242;188;1;land;false;plains;7
4271;221;189;1;land;false;plains;7
4272;218;184;1;land;false;plains;7
4273;235;198;1;land;false;desert;7
4274;205;196;1;land;false;urban;7
4275;220;168;1;land;false;desert;7
4276;248;204;1;land;false;plains;7
4277;210;159;1;land;false;plains;7
4278;198;208;1;land;false;plains;7
4279;215;201;1;land;false;urban;7
4280;254;210;1;land;false;plains;7
4281;253;173;1;land;false;plains;7
4282;251;217;1;land;false;plains;7
4283;216;159;1;land;false;plains;7
4284;212;214;1;land;false;plains;7
4285;205;163;1;land;false;plains;7
4286;225;174;1;land;false;plains;7
4287;121;225;1;land;true;forest;7
4288;180;204;1;land;false;urban;7
4289;119;222;1;land;false;forest;7
4290;133;250;1;land;false;forest;7
4291;224;194;1;land;true;forest;7
4292;194;125;1;land;false;forest;7
4293;220;39;1;land;false;plains;7
4294;250;57;1;land;false;plains;7
4295;176;64;1;land;false;plains;7
4296;186;56;1;land;false;hills;7
4297;230;79;1;land;false;plains;7
4298;189;77;1;land;false;hills;7
4299;242;41;1;land;false;plains;7
4300;250;47;1;land;false;plains;7
4301;24;67;1;land;true;forest;7
4302;34;32;1;land;false;forest;7
4303;36;68;1;land;false;forest;7
4304;22;79;1;land;false;urban;7
4305;163;123;1;land;false;plains;7
4306;153;165;1;land;false;plains;7
4307;132;127;1;land;false;plains;7
4308;141;182;1;land;false;plains;7
4309;119;154;1;land;false;plains;7
4310;150;31;1;land;false;hills;7
4311;129;18;1;land;false;mountain;7
4312;102;12;1;land;false;hills;7
4313;167;11;1;land;false;hills;7
4314;111;4;1;land;false;hills;7
4315;145;20;1;land;false;mountain;7
4316;121;14;1;land;false;mountain;7
4317;98;53;1;land;false;hills;7
4318;162;35;1;land;false;hills;7
4319;152;38;1;land;false;mountain;7
4320;160;49;1;land;false;mountain;7
4321;104;22;1;land;false;mountain;7
4322;150;12;1;land;false;mountain;7
4323;148;17;1;land;false;mountain;7
4324;138;41;1;land;false;forest;7
4325;128;50;1;land;false;mountain;7
4326;151;3;1;land;false;mountain;7
4327;187;211;1;land;true;forest;7
4328;167;183;1;land;true;forest;7
4329;200;187;1;land;true;forest;7
4330;65;87;1;land;true;forest;7
4331;98;138;1;land;false;forest;7
4332;38;100;1;land;true;forest;7
4333;82;133;1;land;true;forest;7
4334;51;105;1;land;true;forest;7
4335;57;92;1;land;true;forest;7
4336;72;22;1;land;false;forest;7
4337;124;26;1;land;false;urban;7
4338;84;21;1;land;false;forest;7
4339;104;8;1;land;false;forest;7
4340;237;107;1;land;false;forest;7
4341;220;109;1;land;false;forest;7
4342;201;64;1;land;false;urban;7
4343;200;108;1;land;false;urban;7
4344;225;98;1;land;false;forest;7
4345;215;83;1;land;false;forest;7
4346;182;45;1;land;false;forest;7
4347;191;32;1;land;true;forest;7
4348;190;19;1;land;false;forest;7
4349;170;41;1;land;true;forest;7
4350;182;20;1;land;false;forest;7
4351;159;17;1;land;false;forest;7
4352;166;89;1;land;false;forest;7
4353;182;123;1;land;false;forest;7
4354;159;159;1;land;false;urban;7
4355;164;187;1;land;false;forest;7
4356;169;180;1;land;false;forest;7
4357;176;225;1;land;false;forest;7
4358;153;194;1;land;false;urban;7
4359;156;67;1;land;false;forest;7
4360;164;140;1;land;false;forest;7
4361;195;87;1;land;false;forest;7
4362;179;197;1;land;true;forest;7
4363;215;234;1;land;true;forest;7
4364;101;177;1;land;false;forest;7
4365;86;58;1;land;false;forest;7
4366;122;68;1;land;true;forest;7
4367;112;56;1;land;true;forest;7
4368;231;152;1;land;false;forest;7
4369;192;46;1;land;false;plains;7
4370;160;14;1;land;false;plains;7
4371;154;19;1;land;false;plains;7
4372;139;9;1;land;false;plains;7
4373;151;7;1;land;false;plains;7
4374;164;44;1;land;false;plains;7
4375;175;8;1;land;false;plains;7
4376;196;23;1;land;false;plains;7
4377;187;58;1;land;false;plains;7
4378;140;71;1;land;false;plains;7
4379;173;60;1;land;false;plains;7
4380;127;25;1;land;false;plains;7
4381;134;72;1;land;false;plains;7
4382;142;39;1;land;false;plains;7
4383;146;72;1;land;false;plains;7
4384;169;36;1;land;false;plains;7
4385;123;23;1;land;false;plains;7
4386;149;4;1;land;false;plains;7
4387;151;10;1;land;false;plains;7
4388;80;170;1;land;true;forest;7
4389;60;167;1;land;true;forest;7
4390;42;161;1;land;true;plains;7
4391;209;216;1;land;false;forest;7
4392;249;231;1;land;false;forest;7
4393;211;228;1;land;false;forest;7
4394;211;227;1;land;false;urban;7
4395;148;175;1;land;true;forest;7
4396;46;200;1;land;false;forest;7
4397;36;174;1;land;false;urban;7
4398;25;164;1;land;false;forest;7
4399;41;152;1;land;false;forest;7
4400;56;138;1;land;false;urban;7
4401;206;179;1;land;false;plains;7
4402;209;178;1;land;true;hills;7
4403;182;223;1;land;false;plains;7
4404;167;164;1;land;false;forest;7
4405;196;194;1;land;true;forest;7
4406;165;175;1;land;false;plains;7
4407;167;167;1;land;false;plains;7
4408;185;222;1;land;false;plains;7
4409;165;235;1;land;false;plains;7
4410;196;168;1;land;false;plains;7
4411;151;174;1;land;false;plains;7
4412;179;170;1;land;false;plains;7
4413;221;219;1;land;false;plains;7
4414;72;91;1;land;false;mountain;7
4415;88;98;1;land;false;plains;7
4416;102;83;1;land;false;plains;7
4417;142;119;1;land;false;hills;7
4418;136;138;1;land;false;desert;7
4419;107;104;1;land;false;plains;7
4420;134;99;1;land;false;plains;7
4421;106;79;1;land;false;mountain;7
4422;113;85;1;land;false;plains;7
4423;86;71;1;land;false;desert;7
4424;103;73;1;land;false;desert;7
4425;127;134;1;land;false;desert;7
4426;138;95;1;land;false;plains;7
4427;144;120;1;land;false;hills;7
4428;125;113;1;land;false;plains;7
4429;95;73;1;land;false;plains;7
4430;116;106;1;land;false;plains;7
4431;38;140;1;land;false;forest;7
4432;40;142;1;land;false;forest;7
4433;44;157;1;land;false;forest;7
4434;26;129;1;land;false;forest;7
4435;33;105;1;land;false;forest;7
4436;8;173;1;land;false;forest;7
4437;18;156;1;land;false;forest;7
4438;21;172;1;land;false;forest;7
4439;6;146;1;land;false;forest;7
4440;46;131;1;land;false;forest;7
4441;156;253;1;land;true;forest;7
4442;167;106;1;land;false;urban;7
4443;66;4;1;land;true;forest;7
4444;72;30;1;land;true;forest;7
4445;25;12;1;land;false;forest;7
4446;238;129;1;land;false;forest;7
4447;249;102;1;land;false;forest;7
4448;203;116;1;land;false;forest;7
4449;207;153;1;land;false;plains;7
4450;228;113;1;land;false;forest;7
4451;253;114;1;land;false;plains;7
4452;209;92;1;land;false;forest;7
4453;138;242;1;land;false;forest;7
4454;100;250;1;land;false;forest;7
4455;108;234;1;land;false;forest;7
4456;137;98;1;land;false;forest;7
4457;82;63;1;land;false;forest;7
4458;92;90;1;land;false;forest;7
4459;105;51;1;land;false;forest;7
4460;128;119;1;land;false;urban;7
4461;31;41;1;land;false;urban;7
4462;43;47;1;land;false;forest;7
4463;15;77;1;land;false;forest;7
4464;27;111;1;land;false;forest;7
4465;127;208;1;land;false;forest;7
4466;192;252;1;land;false;forest;7
4467;130;176;1;land;false;forest;7
4468;187;239;1;land;false;forest;7
4469;164;195;1;land;false;forest;7
4470;137;178;1;land;false;forest;7
4471;142;225;1;land;false;forest;7
4472;139;195;1;land;false;forest;7
4473;149;46;1;land;false;plains;7
4474;144;54;1;land;false;plains;7
4475;120;2;1;land;false;plains;7
4476;171;36;1;land;false;plains;7
4477;179;42;1;land;false;plains;7
4478;25;177;1;land;true;forest;7
4479;56;202;1;land;false;forest;7
4480;68;163;1;land;false;urban;7
4481;20;172;1;land;true;forest;7
4482;88;102;1;land;false;forest;7
4483;76;70;1;land;false;forest;7
4484;210;169;1;land;false;forest;7
4485;199;106;1;land;false;plains;7
4486;193;125;1;land;false;plains;7
4487;217;64;1;land;false;plains;7
4488;203;52;1;land;false;plains;7
4489;236;51;1;land;false;plains;7
4490;208;123;1;land;false;plains;7
4491;183;129;1;land;false;hills;7
4492;197;129;1;land;false;plains;7
4493;203;53;1;land;false;plains;7
4494;228;56;1;land;false;plains;7
4495;207;79;1;land;false;plains;7
4496;194;113;1;land;false;plains;7
4497;200;59;1;land;false;plains;7
4498;229;84;1;land;false;plains;7
4499;188;122;1;land;false;plains;7
4500;228;90;1;land;false;plains;7
4501;222;63;1;land;false;plains;7
4502;187;70;1;land;false;plains;7
4503;207;85;1;land;false;plains;7
4504;248;94;1;land;false;plains;7
4505;212;60;1;land;false;plains;7
4506;192;67;1;land;false;plains;7
4507;209;119;1;land;false;plains;7
4508;191;69;1;land;false;plains;7
4509;153;136;1;land;false;urban;7
4510;112;211;1;land;false;forest;7
4511;91;192;1;land;false;forest;7
4512;124;238;1;land;false;urban;7
4513;171;72;1;land;false;forest;7
4514;167;74;1;land;true;forest;7
4515;179;74;1;land;false;forest;7
4516;205;71;1;land;false;forest;7
4517;216;74;1;land;false;forest;7
4518;164;84;1;land;false;urban;7
4519;212;83;1;land;false;forest;7
4520;164;231;1;land;false;forest;7
4521;213;62;1;land;false;plains;7
4522;252;30;1;land;false;plains;7
4523;227;100;1;land;false;hills;7
4524;213;49;1;land;false;plains;7
4525;240;109;1;land;false;hills;7
4526;252;66;1;land;false;plains;7
4527;234;90;1;land;false;plains;7
4528;197;63;1;land;false;plains;7
4529;224;45;1;land;false;plains;7
4530;188;31;1;land;false;plains;7
4531;254;54;1;land;false;plains;7
4532;204;37;1;land;false;plains;7
4533;201;68;1;land;false;plains;7
4534;197;41;1;land;false;hills;7
4535;214;76;1;land;false;plains;7
4536;191;48;1;land;false;plains;7
4537;228;87;1;land;false;plains;7
4538;235;82;1;land;false;plains;7
4539;232;110;1;land;false;plains;7
4540;226;86;1;land;false;plains;7
4541;244;175;1;land;false;forest;7
4542;181;149;1;land;false;urban;7
4543;106;64;1;land;true;forest;7
4544;213;21;1;land;false;forest;7
4545;190;10;1;land;false;forest;7
4546;112;42;1;land;false;plains;7
4547;132;46;1;land;false;urban;7
4548;12;214;1;land;false;forest;7
4549;65;172;1;land;false;forest;7
4550;114;209;1;land;false;forest;7
4551;126;221;1;land;false;forest;7
4552;111;179;1;land;false;forest;7
4553;67;211;1;land;false;forest;7
4554;32;211;1;land;true;forest;7
4555;190;205;1;land;false;mountain;7
4556;133;241;1;land;false;plains;7
4557;171;224;1;land;false;mountain;7
4558;167;240;1;land;false;plains;7
4559;159;228;1;land;false;hills;7
4560;204;206;1;land;false;hills;7
4561;149;209;1;land;false;mountain;7
4562;195;242;1;land;false;mountain;7
4563;180;245;1;land;false;plains;7
4564;190;227;1;land;false;plains;7
4565;171;200;1;land;false;plains;7
4566;159;232;1;land;false;plains;7
4567;160;238;1;land;false;mountain;7
4568;200;250;1;land;false;mountain;7
4569;133;252;1;land;false;hills;7
4570;134;221;1;land;false;hills;7
4571;157;204;1;land;false;hills;7
4572;143;203;1;land;false;plains;7
4573;152;198;1;land;false;plains;7
4574;186;163;1;land;false;forest;7
4575;231;153;1;land;false;urban;7
4576;52;33;1;land;false;plains;7
4577;114;42;1;land;false;urban;7
4578;66;28;1;land;false;plains;7
4579;120;43;1;land;false;plains;7
4580;97;8;1;land;false;plains;7
4581;50;57;1;land;false;plains;7
4582;88;107;1;land;true;forest;7
4583;40;132;1;land;true;forest;7
4584;251;254;1;land;false;forest;7
4585;216;206;1;land;false;forest;7
4586;221;227;1;land;false;plains;7
4587;13;222;1;land;true;forest;7
4588;37;214;1;land;false;hills;7
4589;27;165;1;land;true;hills;7
4590;29;188;1;land;false;forest;7
4591;25;223;1;land;false;forest;7
4592;18;192;1;land;false;plains;7
4593;7;193;1;land;false;forest;7
4594;1;210;1;land;true;forest;7
4595;3;208;1;land;false;hills;7
4596;2;162;1;land;false;hills;7
4597;30;184;1;land;true;forest;7
4598;32;190;1;land;false;forest;7
4599;78;214;1;land;false;forest;7
4600;16;169;1;land;true;forest;7
4601;76;215;1;land;false;forest;7
4602;60;192;1;land;false;forest;7
4603;56;207;1;land;false;forest;7
4604;49;158;1;land;true;forest;7
4605;88;201;1;land;false;forest;7
4606;84;204;1;land;false;forest;7
4607;71;157;1;land;false;forest;7
4608;49;75;1;land;true;forest;7
4609;58;87;1;land;true;urban;7
4610;87;40;1;land;true;forest;7
4611;94;73;1;land;true;forest;7
4612;72;78;1;land;false;forest;7
4613;58;91;1;land;false;forest;7
4614;97;101;1;land;true;forest;7
4615;207;167;1;land;false;urban;7
4616;185;184;1;land;false;forest;7
4617;172;204;1;land;false;jungle;7
4618;218;137;1;land;true;forest;7
4619;238;151;1;land;false;forest;7
4620;179;203;1;land;false;jungle;7
4621;237;125;1;land;false;mountain;7
4622;209;193;1;land;false;forest;7
4623;182;149;1;land;false;hills;7
4624;213;185;1;land;true;forest;7
4625;173;132;1;land;false;jungle;7
4626;243;185;1;land;false;urban;7
4627;178;132;1;land;false;forest;7
4628;216;150;1;land;false;forest;7
4629;178;158;1;land;true;forest;7
4630;23;27;1;land;true;forest;7
4631;8;45;1;land;true;urban;7
4632;11;52;1;land;true;forest;7
4633;37;43;1;land;true;forest;7
4634;20;60;1;land;true;plains;7
4635;11;65;1;land;false;forest;7
4636;2;74;1;land;true;forest;7
4637;169;122;1;land;false;plains;7
4638;191;111;1;land;false;urban;7
4639;138;171;1;land;false;jungle;7
4640;144;180;1;land;false;jungle;7
4641;174;117;1;land;false;jungle;7
4642;136;164;1;land;false;urban;7
4643;130;155;1;land;false;forest;7
4644;190;189;1;land;false;forest;7
4645;154;164;1;land;false;forest;7
4646;152;182;1;land;false;jungle;7
4647;142;128;1;land;false;urban;7
4648;139;139;1;land;false;jungle;7
4649;140;156;1;land;false;plains;7
4650;134;120;1;land;false;forest;7
4651;69;11;1;land;false;forest;7
4652;213;143;1;land;false;forest;7
4653;192;136;1;land;false;forest;7
4654;210;119;1;land;false;urban;7
4655;201;124;1;land;false;urban;7
4656;234;149;1;land;false;urban;7
4657;189;122;1;land;false;forest;7
4658;2;94;1;land;false;urban;7
4659;35;69;1;land;false;urban;7
4660;19;112;1;land;false;urban;7
4661;3;25;1;land;true;forest;7
4662;47;42;1;land;false;forest;7
4663;46;7;1;land;true;forest;7
4664;50;1;1;land;true;forest;7
4665;41;7;1;land;false;urban;7
4666;204;81;1;land;false;forest;7
4667;201;28;1;land;false;forest;7
4668;204;32;1;land;false;forest;7
4669;224;31;1;land;false;forest;7
4670;200;68;1;land;false;urban;7
4671;219;67;1;land;false;forest;7
4672;214;80;1;land;false;urban;7
4673;170;73;1;land;false;urban;7
4674;96;5;1;land;false;urban;7
4675;70;34;1;land;false;urban;7
4676;101;34;1;land;false;forest;7
4677;86;21;1;land;false;forest;7
4678;106;2;1;land;false;forest;7
4679;53;44;1;land;false;forest;7
4680;46;16;1;land;false;forest;7
4681;45;40;1;land;false;forest;7
4682;88;21;1;land;false;urban;7
4683;109;137;1;land;true;forest;7
4684;71;198;1;land;false;urban;7
4685;69;186;1;land;false;urban;7
4686;64;204;1;land;false;urban;7
4687;93;150;1;land;false;urban;7
4688;62;148;1;land;false;forest;7
4689;133;188;1;land;true;forest;7
4690;233;94;1;land;true;forest;7
4691;149;214;1;land;false;forest;7
4692;117;85;1;land;true;forest;7
4693;156;133;1;land;true;hills;7
4694;141;134;1;land;true;plains;7
4695;12;44;1;land;false;forest;7
4696;12;45;1;land;false;forest;7
4697;191;85;1;land;false;forest;7
4698;222;101;1;land;false;urban;7
4699;218;98;1;land;false;urban;7
4700;181;94;1;land;false;forest;7
4701;56;195;1;land;false;forest;7
4702;36;229;1;land;false;forest;7
4703;96;244;1;land;false;forest;7
4704;95;180;1;land;false;forest;7
4705;53;232;1;land;false;forest;7
4706;58;235;1;land;false;forest;7
4707;81;166;1;land;false;urban;7
4708;73;198;1;land;false;forest;7
4709;62;190;1;land;false;forest;7
4710;32;204;1;land;false;urban;7
4711;87;237;1;land;false;forest;7
4712;41;221;1;land;false;plains;7
4713;77;62;1;land;false;forest;7
4714;126;89;1;land;false;forest;7
4715;119;108;1;land;false;urban;7
4716;231;247;1;land;true;forest;7
4717;200;203;1;land;false;forest;7
4718;213;240;1;land;false;forest;7
4719;234;202;1;land;false;forest;7
4720;202;244;1;land;true;forest;7
4721;247;233;1;land;false;forest;7
4722;195;247;1;land;false;forest;7
4723;197;236;1;land;false;forest;7
4724;126;203;1;land;true;hills;7
4725;99;230;1;land;true;forest;7
4726;118;230;1;land;true;forest;7
4727;82;161;1;land;true;hills;7
4728;24;172;1;land;false;forest;7
4729;39;151;1;land;false;mountain;7
4730;17;216;1;land;false;mountain;7
4731;43;224;1;land;false;mountain;7
4732;26;183;1;land;false;forest;7
4733;20;188;1;land;false;mountain;7
4734;26;217;1;land;false;hills;7
4735;58;170;1;land;false;mountain;7
4736;54;221;1;land;false;mountain;7
4737;4;159;1;land;false;mountain;7
4738;53;224;1;land;false;mountain;7
4739;0;223;1;land;false;mountain;7
4740;213;66;1;land;false;desert;7
4741;245;40;1;land;false;desert;7
4742;254;66;1;land;false;desert;7
4743;251;68;1;land;false;plains;7
4744;244;6;1;land;false;desert;7
4745;242;16;1;land;false;desert;7
4746;248;28;1;land;false;desert;7
4747;235;13;1;land;false;desert;7
4748;206;71;1;land;false;desert;7
4749;242;43;1;land;false;desert;7
4750;216;52;1;land;false;plains;7
4751;221;73;1;land;false;desert;7
4752;200;33;1;land;false;desert;7
4753;204;36;1;land;false;plains;7
4754;27;91;1;land;true;forest;7
4755;46;107;1;land;true;forest;7
4756;12;107;1;land;true;forest;7
4757;41;139;1;land;false;forest;7
4758;58;141;1;land;false;forest;7
4759;7;157;1;land;false;urban;7
4760;14;155;1;land;false;forest;7
4761;79;154;1;land;false;forest;7
4762;75;207;1;land;false;forest;7
4763;22;169;1;land;false;forest;7
4764;67;141;1;land;false;forest;7
4765;60;136;1;land;false;urban;7
4766;54;204;1;land;false;forest;7
4767;248;217;1;land;false;forest;7
4768;83;178;1;land;false;plains;7
4769;56;130;1;land;false;plains;7
4770;99;195;1;land;false;plains;7
4771;124;130;1;land;false;desert;7
4772;52;168;1;land;false;plains;7
4773;74;192;1;land;false;forest;7
4774;26;182;1;land;true;forest;7
4775;40;152;1;land;true;forest;7
4776;17;153;1;land;false;forest;7
4777;28;144;1;land;false;forest;7
4778;35;168;1;land;true;forest;7
4779;1;191;1;land;true;forest;7
4780;7;149;1;land;true;forest;7
4781;124;49;1;land;false;plains;7
4782;173;61;1;land;false;plains;7
4783;120;58;1;land;false;plains;7
4784;152;40;1;land;false;plains;7
4785;111;22;1;land;false;plains;7
4786;132;54;1;land;false;plains;7
4787;166;62;1;land;false;plains;7
4788;118;12;1;land;false;plains;7
4789;147;29;1;land;false;plains;7
4790;104;12;1;land;false;plains;7
4791;114;38;1;land;false;plains;7
4792;109;74;1;land;false;plains;7
4793;133;12;1;land;false;plains;7
4794;105;60;1;land;false;plains;7
4795;48;233;1;land;false;forest;7
4796;54;248;1;land;false;forest;7
4797;46;217;1;land;false;urban;7
4798;15;219;1;land;false;forest;7
4799;199;210;1;land;false;forest;7
4800;225;213;1;land;true;urban;7
4801;171;222;1;land;true;urban;7
4802;184;251;1;land;true;plains;7
4803;163;243;1;land;false;forest;7
4804;225;238;1;land;true;plains;7
4805;213;206;1;land;false;forest;7
4806;144;235;1;land;true;hills;7
4807;151;116;1;land;false;urban;7
4808;198;230;1;land;false;forest;7
4809;148;217;1;land;false;urban;7
4810;196;212;1;land;false;urban;7
4811;185;239;1;land;false;forest;7
4812;210;218;1;land;false;forest;7
4813;165;252;1;land;false;urban;7
4814;181;177;1;land;false;forest;7
4815;191;232;1;land;false;urban;7
4816;197;209;1;land;false;forest;7
4817;191;243;1;land;false;forest;7
4818;206;235;1;land;false;urban;7
4819;141;187;1;land;false;forest;7
4820;162;178;1;land;false;forest;7
4821;71;201;1;land;true;forest;7
4822;70;143;1;land;true;forest;7
4823;107;45;1;land;false;forest;7
4824;117;105;1;land;false;forest;7
4825;76;113;1;land;false;urban;7
4826;89;88;1;land;false;forest;7
4827;83;87;1;land;false;forest;7
4828;103;47;1;land;false;urban;7
4829;236;162;1;land;false;forest;7
4830;204;134;1;land;false;urban;7
4831;204;159;1;land;false;forest;7
4832;30;240;1;land;false;forest;7
4833;53;238;1;land;false;forest;7
4834;48;254;1;land;true;forest;7
4835;57;219;1;land;true;forest;7
4836;3;205;1;land;false;forest;7
4837;17;238;1;land;true;urban;7
4838;31;218;1;land;true;forest;7
4839;50;221;1;land;true;forest;7
4840;57;211;1;land;false;urban;7
4841;45;232;1;land;false;urban;7
4842;9;238;1;land;true;hills;7
4843;1;233;1;land;false;forest;7
4844;189;196;1;land;false;plains;7
4845;117;172;1;land;false;plains;7
4846;169;173;1;land;false;plains;7
4847;59;46;1;land;false;forest;7
4848;15;110;1;land;false;forest;7
4849;6;87;1;land;false;urban;7
4850;54;113;1;land;false;forest;7
4851;54;90;1;land;false;forest;7
4852;72;93;1;land;false;forest;7
4853;211;67;1;land;true;forest;7
4854;178;65;1;land;true;plains;7
4855;200;70;1;land;true;plains;7
4856;235;212;1;land;false;forest;7
4857;238;210;1;land;false;forest;7
4858;218;215;1;land;false;urban;7
4859;167;177;1;land;false;forest;7
4860;213;165;1;land;false;forest;7
4861;220;169;1;land;false;forest;7
4862;172;209;1;land;false;forest;7
4863;87;5;1;land;false;plains;7
4864;101;46;1;land;true;forest;7
4865;65;3;1;land;true;forest;7
4866;110;58;1;land;false;forest;7
4867;111;13;1;land;false;forest;7
4868;65;56;1;land;false;forest;7
4869;107;24;1;land;false;plains;7
4870;88;45;1;land;true;forest;7
4871;65;55;1;land;true;forest;7
4872;113;13;1;land;true;forest;7
4873;58;39;1;land;true;hills;7
4874;121;164;1;land;false;forest;7
4875;96;215;1;land;false;forest;7
4876;146;183;1;land;false;forest;7
4877;124;151;1;land;false;forest;7
4878;91;215;1;land;false;forest;7
4879;148;205;1;land;false;urban;7
4880;125;150;1;land;false;forest;7
4881;120;170;1;land;false;forest;7
4882;248;62;1;land;true;forest;7
4883;223;37;1;land;true;forest;7
4884;108;22;1;land;false;plains;7
4885;104;24;1;land;false;plains;7
4886;155;10;1;land;false;hills;7
4887;89;30;1;land;false;plains;7
4888;164;37;1;land;false;hills;7
4889;155;7;1;land;false;hills;7
4890;139;54;1;land;false;plains;7
4891;142;54;1;land;false;desert;7
4892;109;35;1;land;false;hills;7
4893;96;31;1;land;false;hills;7
4894;123;43;1;land;false;hills;7
4895;144;28;1;land;false;plains;7
4896;162;38;1;land;false;plains;7
4897;133;57;1;land;false;plains;7
4898;139;57;1;land;false;hills;7
4899;163;46;1;land;false;hills;7
4900;37;49;1;land;true;forest;7
4901;13;47;1;land;true;forest;7
4902;36;62;1;land;true;forest;7
4903;210;63;1;land;false;forest;7
4904;201;37;1;land;false;forest;7
4905;225;62;1;land;false;forest;7
4906;236;173;1;land;false;forest;7
4907;0;121;1;land;false;plains;7
4908;24;136;1;land;false;forest;7
4909;30;149;1;land;false;forest;7
4910;21;140;1;land;false;forest;7
4911;20;95;1;land;false;forest;7
4912;4;137;1;land;false;forest;7
4913;17;122;1;land;false;forest;7
4914;12;100;1;land;false;forest;7
4915;244;92;1;land;false;forest;7
4916;224;75;1;land;false;forest;7
4917;78;247;1;land;false;forest;7
4918;42;242;1;land;false;forest;7
4919;71;218;1;land;false;forest;7
4920;28;248;1;land;false;forest;7
4921;52;206;1;land;true;urban;7
4922;50;238;1;land;false;urban;7
4923;61;248;1;land;false;urban;7
4924;27;213;1;land;true;forest;7
4925;35;205;1;land;true;urban;7
4926;50;246;1;land;false;forest;7
4927;61;65;1;land;false;forest;7
4928;19;65;1;land;false;urban;7
4929;60;124;1;land;false;urban;7
4930;0;141;1;land;false;forest;7
4931;116;61;1;land;false;forest;7
4932;64;60;1;land;false;urban;7
4933;106;95;1;land;false;urban;7
4934;114;105;1;land;false;forest;7
4935;125;103;1;land;false;forest;7
4936;134;48;1;land;false;urban;7
4937;118;34;1;land;false;forest;7
4938;121;74;1;land;false;urban;7
4939;70;53;1;land;false;urban;7
4940;123;111;1;land;false;urban;7
4941;3;123;1;land;false;forest;7
4942;66;146;1;land;false;forest;7
4943;37;141;1;land;false;urban;7
4944;5;99;1;land;false;forest;7
4945;50;4;1;land;false;forest;7
4946;14;47;1;land;true;forest;7
4947;26;19;1;land;true;forest;7
4948;15;9;1;land;true;forest;7
4949;113;236;1;land;false;forest;7
4950;47;243;1;land;false;forest;7
4951;98;243;1;land;false;forest;7
4952;92;199;1;land;false;urban;7
4953;82;246;1;land;false;forest;7
4954;79;241;1;land;false;forest;7
4955;128;60;1;land;false;forest;7
4956;155;125;1;land;false;jungle;7
4957;160;122;1;land;false;jungle;7
4958;161;61;1;land;false;plains;7
4959;172;83;1;land;false;jungle;7
4960;152;103;1;land;false;forest;7
4961;146;88;1;land;false;forest;7
4962;106;80;1;land;false;jungle;7
4963;124;42;1;land;false;plains;7
4964;153;36;1;land;false;plains;7
4965;139;71;1;land;false;plains;7
4966;95;54;1;land;false;plains;7
4967;162;76;1;land;false;plains;7
4968;130;87;1;land;false;plains;7
4969;132;49;1;land;false;desert;7
4970;145;99;1;land;false;urban;7
4971;125;75;1;land;false;plains;7
4972;92;100;1;land;false;plains;7
4973;158;98;1;land;false;hills;7
4974;144;45;1;land;false;plains;7
4975;112;73;1;land;false;plains;7
4976;131;81;1;land;false;plains;7
4977;120;104;1;land;false;plains;7
4978;133;61;1;land;false;plains;7
4979;115;74;1;land;false;urban;7
4980;85;49;1;land;false;plains;7
4981;101;52;1;land;false;plains;7
4982;156;42;1;land;false;plains;7
4983;154;60;1;land;false;plains;7
4984;116;68;1;land;false;plains;7
4985;147;70;1;land;false;plains;7
4986;161;104;1;land;false;plains;7
4987;138;32;1;land;false;plains;7
4988;124;111;1;land;false;plains;7
4989;184;34;1;land;false;jungle;7
4990;174;75;1;land;false;plains;7
4991;195;55;1;land;false;plains;7
4992;230;72;1;land;false;forest;7
4993;184;32;1;land;false;forest;7
4994;167;58;1;land;false;forest;7
4995;124;171;1;land;false;forest;7
4996;147;146;1;land;false;forest;7
4997;142;144;1;land;false;forest;7
4998;172;172;1;land;false;urban;7
4999;122;151;1;land;false;forest;7
5000;88;13;1;land;true;plains;7
5001;136;12;1;land;false;plains;7
5002;144;41;1;land;false;urban;7
5003;143;47;1;land;false;plains;7
5004;150;56;1;land;false;jungle;7
5005;117;197;1;land;false;hills;7
5006;128;132;1;land;false;plains;7
5007;90;144;1;land;false;plains;7
5008;101;170;1;land;false;forest;7
5009;149;174;1;land;false;plains;7
5010;148;125;1;land;false;plains;7
5011;80;192;1;land;false;hills;7
5012;116;129;1;land;false;forest;7
5013;104;160;1;land;false;mountain;7
5014;94;189;1;land;false;plains;7
5015;148;130;1;land;false;hills;7
5016;137;146;1;land;false;forest;7
5017;122;162;1;land;false;hills;7
5018;151;157;1;land;false;hills;7
5019;125;134;1;land;false;plains;7
5020;121;174;1;land;false;forest;7
5021;119;174;1;land;false;plains;7
5022;117;200;1;land;false;forest;7
5023;94;163;1;land;false;forest;7
5024;125;73;1;land;false;forest;7
5025;122;17;1;land;false;urban;7
5026;139;17;1;land;false;urban;7
5027;78;24;1;land;false;forest;7
5028;220;27;1;land;false;plains;7
5029;170;3;1;land;false;plains;7
5030;157;34;1;land;false;plains;7
5031;191;31;1;land;false;plains;7
5032;179;41;1;land;false;plains;7
5033;216;55;1;land;false;plains;7
5034;158;22;1;land;false;plains;7
5035;166;50;1;land;false;plains;7
5036;218;54;1;land;false;plains;7
5037;185;50;1;land;false;plains;7
5038;190;40;1;land;false;plains;7
5039;192;42;1;land;false;plains;7
5040;188;16;1;land;false;hills;7
5041;147;37;1;land;false;plains;7
5042;152;51;1;land;false;plains;7
5043;201;9;1;land;false;plains;7
5044;207;56;1;land;false;plains;7
5045;151;45;1;land;false;hills;7
5046;176;37;1;land;false;plains;7
5047;183;4;1;land;false;hills;7
5048;167;20;1;land;false;plains;7
5049;203;35;1;land;false;plains;7
5050;210;19;1;land;false;plains;7
5051;18;160;1;land;false;forest;6
5052;40;124;1;land;false;forest;6
5053;93;106;1;land;false;forest;6
5054;24;149;1;land;false;urban;6
5055;89;110;1;land;false;forest;6
5056;69;117;1;land;false;forest;6
5057;96;115;1;land;false;forest;6
5058;220;166;1;land;false;plains;6
5059;205;228;1;land;false;forest;6
5060;238;178;1;land;false;urban;6
5061;249;202;1;land;false;forest;6
5062;241;200;1;land;false;forest;6
5063;214;240;1;land;false;urban;6
5064;231;191;1;land;false;jungle;6
5065;149;101;1;land;false;forest;6
5066;120;99;1;land;false;forest;6
5067;112;99;1;land;false;forest;6
5068;119;105;1;land;false;forest;6
5069;236;196;1;land;true;urban;6
5070;229;200;1;land;true;forest;6
5071;239;224;1;land;false;forest;6
5072;217;181;1;land;false;forest;6
5073;220;180;1;land;true;forest;6
5074;187;165;1;land;false;forest;6
5075;170;171;1;land;true;urban;6
5076;152;29;1;land;true;plains;6
5077;169;3;1;land;true;forest;6
5078;178;51;1;land;false;forest;6
5079;151;5;1;land;false;urban;6
5080;150;40;1;land;true;plains;6
5081;172;38;1;land;false;plains;6
5082;153;37;1;land;true;plains;6
5083;114;201;1;land;true;plains;6
5084;31;172;1;land;false;forest;6
5085;67;121;1;land;false;forest;6
5086;210;109;1;land;false;forest;6
5087;235;146;1;land;true;plains;6
5088;180;71;1;land;false;forest;6
5089;179;93;1;land;false;forest;6
5090;173;88;1;land;false;urban;6
5091;178;86;1;land;false;urban;6
5092;125;84;1;land;false;forest;6
5093;170;82;1;land;false;urban;6
5094;142;48;1;land;false;urban;6
5095;127;59;1;land;false;urban;6
5096;132;52;1;land;false;urban;6
5097;128;152;1;land;false;hills;6
5098;165;148;1;land;false;urban;6
5099;178;141;1;land;false;urban;6
5100;118;137;1;land;false;hills;6
5101;166;144;1;land;false;forest;6
5102;157;143;1;land;false;forest;6
5103;130;177;1;land;false;plains;6
5104;127;128;1;land;false;urban;6
5105;173;190;1;land;false;urban;6
5106;45;32;1;land;false;forest;6
5107;80;70;1;land;false;forest;6
5108;80;45;1;land;false;urban;6
5109;65;37;1;land;false;forest;6
5110;96;50;1;land;false;forest;6
5111;111;78;1;land;false;forest;6
5112;38;92;1;land;false;urban;6
5113;105;88;1;land;false;forest;6
5114;38;67;1;land;false;urban;6
5115;110;29;1;land;false;forest;6
5116;68;60;1;land;false;forest;6
5117;93;32;1;land;false;forest;6
5118;90;76;1;land;false;urban;6
5119;57;45;1;land;false;forest;6
5120;88;41;1;land;false;forest;6
5121;94;26;1;land;false;forest;6
5122;96;83;1;land;false;forest;6
5123;115;99;1;land;false;urban;6
5124;201;190;1;land;true;forest;6
5125;197;201;1;land;true;urban;6
5126;223;174;1;land;true;forest;6
5127;196;163;1;land;true;forest;6
5128;193;152;1;land;true;forest;6
5129;188;179;1;land;false;urban;6
5130;105;231;1;land;true;forest;6
5131;19;242;1;land;true;forest;6
5132;150;59;1;land;false;forest;6
5133;136;106;1;land;true;forest;6
5134;159;95;1;land;true;forest;6
5135;120;82;1;land;true;urban;6
5136;107;78;1;land;true;forest;6
5137;160;82;1;land;true;forest;6
5138;192;75;1;land;true;forest;6
5139;146;80;1;land;true;forest;6
5140;138;119;1;land;false;urban;6
5141;186;76;1;land;true;forest;6
5142;170;91;1;land;false;forest;6
5143;201;125;1;land;true;forest;6
5144;42;67;1;land;true;forest;6
5145;55;42;1;land;true;urban;6
5146;6;75;1;land;true;plains;6
5147;33;15;1;land;true;forest;6
5148;239;197;1;land;false;forest;6
5149;245;183;1;land;false;urban;6
5150;205;187;1;land;false;forest;6
5151;197;173;1;land;false;urban;6
5152;203;203;1;land;true;forest;6
5153;226;216;1;land;false;forest;6
5154;82;36;1;land;false;forest;6
5155;82;53;1;land;false;forest;6
5156;105;25;1;land;false;forest;6
5157;117;30;1;land;false;forest;6
5158;68;83;1;land;false;forest;6
5159;47;69;1;land;false;forest;6
5160;88;29;1;land;false;forest;6
5161;52;37;1;land;false;forest;6
5162;45;97;1;land;false;forest;6
5163;175;186;1;land;false;forest;6
5164;184;131;1;land;false;urban;6
5165;136;139;1;land;false;urban;6
5166;33;73;1;land;false;forest;6
5167;16;5;1;land;false;forest;6
5168;26;45;1;land;false;urban;6
5169;5;45;1;land;false;forest;6
5170;237;40;1;land;false;forest;6
5171;68;110;1;land;true;plains;6
5172;228;95;1;land;true;forest;6
5173;232;88;1;land;false;forest;6
5174;244;116;1;land;false;forest;6
5175;250;114;1;land;false;forest;6
5176;242;128;1;land;true;forest;6
5177;234;102;1;land;true;forest;6
5178;173;99;1;land;true;forest;6
5179;173;121;1;land;false;forest;6
5180;171;81;1;land;true;forest;6
5181;238;123;1;land;true;forest;6
5182;246;115;1;land;true;forest;6
5183;184;99;1;land;true;forest;6
5184;235;207;1;land;false;forest;6
5185;238;189;1;land;false;forest;6
5186;209;211;1;land;false;forest;6
5187;210;210;1;land;false;forest;6
5188;232;160;1;land;false;forest;6
5189;206;190;1;land;false;forest;6
5190;254;179;1;land;false;forest;6
5191;238;174;1;land;false;forest;6
5192;202;207;1;land;false;forest;6
5193;225;159;1;land;false;forest;6
5194;113;32;1;land;false;forest;6
5195;90;42;1;land;false;forest;6
5196;65;43;1;land;false;urban;6
5197;119;21;1;land;false;forest;6
5198;108;84;1;land;false;forest;6
5199;38;181;1;land;false;forest;6
5200;54;231;1;land;true;forest;6
5201;38;177;1;land;false;urban;6
5202;70;165;1;land;true;forest;6
5203;74;145;1;land;true;forest;6
5204;43;161;1;land;true;forest;6
5205;225;42;1;land;true;hills;6
5206;188;35;1;land;true;forest;6
5207;209;48;1;land;true;forest;6
5208;176;34;1;land;false;plains;6
5209;179;5;1;land;true;hills;6
5210;200;41;1;land;true;forest;6
5211;196;5;1;land;false;forest;6
5212;209;164;1;land;false;urban;6
5213;220;205;1;land;false;urban;6
5214;246;227;1;land;false;urban;6
5215;169;66;1;land;false;forest;6
5216;158;99;1;land;false;forest;6
5217;160;119;1;land;false;forest;6
5218;218;72;1;land;false;urban;6
5219;191;61;1;land;false;forest;6
5220;193;95;1;land;false;forest;6
5221;140;73;1;land;false;urban;6
5222;71;55;1;land;false;forest;6
5223;63;16;1;land;false;urban;6
5224;86;86;1;land;false;urban;6
5225;176;204;1;land;false;forest;6
5226;182;218;1;land;false;forest;6
5227;215;202;1;land;false;urban;6
5228;48;54;1;land;true;forest;6
5229;32;21;1;land;false;forest;6
5230;4;48;1;land;false;urban;6
5231;33;12;1;land;false;urban;6
5232;27;52;1;land;false;urban;6
5233;1;54;1;land;false;urban;6
5234;120;155;1;land;false;mountain;6
5235;167;180;1;land;false;forest;6
5236;167;191;1;land;false;hills;6
5237;121;199;1;land;false;mountain;6
5238;111;124;1;land;false;forest;6
5239;24;157;1;land;false;forest;6
5240;48;145;1;land;false;forest;6
5241;39;131;1;land;false;forest;6
5242;151;244;1;land;false;forest;6
5243;126;223;1;land;false;forest;6
5244;141;238;1;land;false;forest;6
5245;190;166;1;land;false;forest;6
5246;205;160;1;land;false;forest;6
5247;229;214;1;land;false;forest;6
5248;209;208;1;land;false;forest;6
5249;226;211;1;land;false;forest;6
5250;174;168;1;land;false;forest;6
5251;213;23;1;land;false;forest;6
5252;246;54;1;land;false;forest;6
5253;253;52;1;land;false;forest;6
5254;195;26;1;land;false;forest;6
5255;253;41;1;land;false;urban;6
5256;241;51;1;land;false;urban;6
5257;190;11;1;land;false;forest;6
5258;53;130;1;land;false;forest;6
5259;45;90;1;land;false;forest;6
5260;10;158;1;land;false;forest;6
5261;58;121;1;land;false;forest;6
5262;49;86;1;land;false;forest;6
5263;2;144;1;land;false;forest;6
5264;20;158;1;land;false;forest;6
5265;141;240;1;land;true;forest;6
5266;114;220;1;land;true;forest;6
5267;73;239;1;land;false;forest;6
5268;39;181;1;land;false;forest;6
5269;24;242;1;land;true;plains;6
5270;60;187;1;land;false;urban;6
5271;221;89;1;land;false;forest;6
5272;181;125;1;land;false;forest;6
5273;211;116;1;land;false;forest;6
5274;201;91;1;land;false;forest;6
5275;186;100;1;land;false;urban;6
5276;208;80;1;land;false;forest;6
5277;246;131;1;land;true;forest;6
5278;208;136;1;land;true;forest;6
5279;77;218;1;land;false;forest;6
5280;69;247;1;land;false;urban;6
5281;95;238;1;land;false;forest;6
5282;66;223;1;land;false;forest;6
5283;67;248;1;land;false;forest;6
5284;111;199;1;land;false;forest;6
5285;52;194;1;land;false;forest;6
5286;66;221;1;land;false;urban;6
5287;84;223;1;land;false;urban;6
5288;97;210;1;land;false;forest;6
5289;51;252;1;land;false;forest;6
5290;126;250;1;land;false;forest;6
5291;25;161;1;land;false;urban;6
5292;122;157;1;land;false;plains;6
5293;63;170;1;land;false;plains;6
5294;114;131;1;land;false;plains;6
5295;72;139;1;land;false;plains;6
5296;129;133;1;land;false;plains;6
5297;116;178;1;land;false;plains;6
5298;120;149;1;land;false;plains;6
5299;135;77;1;land;false;forest;6
5300;103;40;1;land;false;forest;6
5301;144;103;1;land;false;forest;6
5302;149;64;1;land;false;forest;6
5303;86;87;1;land;false;forest;6
5304;102;54;1;land;false;forest;6
5305;41;41;1;land;false;urban;6
5306;39;58;1;land;false;forest;6
5307;76;52;1;land;false;forest;6
5308;54;28;1;land;false;forest;6
5309;84;89;1;land;false;urban;6
5310;97;206;1;land;false;forest;6
5311;139;235;1;land;false;jungle;6
5312;126;235;1;land;false;plains;6
5313;193;15;1;land;false;forest;6
5314;198;26;1;land;false;urban;6
5315;165;20;1;land;false;urban;6
5316;202;28;1;land;false;plains;6
5317;197;26;1;land;false;forest;6
5318;139;14;1;land;false;plains;6
5319;154;8;1;land;false;plains;6
5320;218;62;1;land;false;forest;6
5321;232;76;1;land;false;urban;6
5322;237;90;1;land;false;forest;6
5323;206;127;1;land;false;urban;6
5324;225;76;1;land;false;urban;6
5325;250;132;1;land;false;urban;6
5326;192;64;1;land;false;forest;6
5327;242;71;1;land;false;forest;6
5328;245;125;1;land;false;plains;6
5329;15;138;1;land;false;forest;6
5330;10;123;1;land;false;urban;6
5331;25;128;1;land;false;forest;6
5332;42;79;1;land;false;forest;6
5333;138;234;1;land;false;plains;6
5334;79;219;1;land;false;plains;6
5335;112;231;1;land;false;forest;6
5336;164;114;1;land;false;forest;6
5337;107;97;1;land;false;forest;6
5338;172;73;1;land;true;urban;6
5339;160;197;1;land;false;forest;6
5340;159;201;1;land;false;forest;6
5341;150;202;1;land;false;forest;6
5342;170;152;1;land;false;forest;6
5343;173;146;1;land;false;forest;6
5344;170;207;1;land;false;forest;6
5345;222;179;1;land;false;urban;6
5346;226;94;1;land;false;forest;6
5347;236;144;1;land;false;urban;6
5348;206;103;1;land;false;forest;6
5349;197;115;1;land;false;forest;6
5350;160;235;1;land;false;forest;6
5351;168;232;1;land;false;urban;6
5352;195;246;1;land;false;forest;6
5353;133;227;1;land;false;urban;6
5354;77;190;1;land;false;plains;6
5355;52;195;1;land;false;forest;6
5356;5;179;1;land;false;forest;6
5357;27;234;1;land;false;forest;6
5358;56;198;1;land;false;forest;6
5359;7;198;1;land;true;forest;6
5360;38;209;1;land;true;forest;6
5361;171;124;1;land;false;urban;6
5362;150;167;1;land;false;forest;6
5363;235;25;1;land;false;forest;6
5364;239;3;1;land;true;forest;6
5365;244;14;1;land;false;forest;6
5366;221;9;1;land;false;forest;6
5367;44;37;1;land;false;hills;6
5368;3;56;1;land;false;plains;6
5369;1;27;1;land;true;hills;6
5370;6;62;1;land;false;plains;6
5371;38;20;1;land;false;hills;6
5372;23;6;1;land;true;hills;6
5373;51;49;1;land;false;plains;6
5374;60;64;1;land;false;forest;6
5375;0;3;1;land;false;hills;6
5376;65;60;1;land;false;plains;6
5377;26;36;1;land;false;hills;6
5378;13;11;1;land;false;hills;6
5379;1;33;1;land;false;plains;6
5380;8;164;1;land;false;forest;6
5381;48;139;1;land;false;forest;6
5382;34;112;1;land;false;urban;6
5383;8;138;1;land;false;forest;6
5384;22;109;1;land;false;forest;6
5385;55;52;1;land;false;plains;6
5386;46;36;1;land;false;urban;6
5387;48;2;1;land;false;urban;6
5388;43;57;1;land;false;forest;6
5389;23;40;1;land;false;forest;6
5390;42;75;1;land;false;forest;6
5391;40;66;1;land;false;urban;6
5392;38;182;1;land;true;forest;6
5393;69;133;1;land;false;mountain;6
5394;17;147;1;land;false;hills;6
5395;74;173;1;land;false;mountain;6
5396;35;154;1;land;false;hills;6
5397;60;189;1;land;false;mountain;6
5398;52;178;1;land;true;mountain;6
5399;35;140;1;land;false;mountain;6
5400;46;115;1;land;false;forest;6
5401;57;115;1;land;false;forest;6
5402;27;152;1;land;true;forest;6
5403;36;138;1;land;true;mountain;6
5404;67;189;1;land;false;forest;6
5405;49;142;1;land;false;forest;6
5406;33;164;1;land;true;forest;6
5407;32;149;1;land;false;forest;6
5408;21;175;1;land;false;mountain;6
5409;16;156;1;land;true;forest;6
5410;41;159;1;land;true;mountain;6
5411;53;167;1;land;false;mountain;6
5412;70;142;1;land;true;forest;6
5413;57;181;1;land;false;forest;6
5414;11;174;1;land;false;mountain;6
5415;78;146;1;land;true;mountain;6
5416;75;125;1;land;false;forest;6
5417;196;138;1;land;false;forest;6
5418;167;102;1;land;false;forest;6
5419;176;77;1;land;false;forest;6
5420;157;114;1;land;false;forest;6
5421;10;191;1;land;false;forest;6
5422;19;164;1;land;false;urban;6
5423;36;221;1;land;false;urban;6
5424;46;198;1;land;false;forest;6
5425;3;214;1;land;false;urban;6
5426;8;159;1;land;false;forest;6
5427;6;192;1;land;false;forest;6
5428;36;163;1;land;false;forest;6
5429;24;22;1;land;false;forest;6
5430;54;30;1;land;false;forest;6
5431;27;42;1;land;false;urban;6
5432;97;244;1;land;true;forest;6
5433;60;218;1;land;true;urban;6
5434;46;236;1;land;true;forest;6
5435;50;229;1;land;true;hills;6
5436;233;83;1;land;false;forest;6
5437;204;125;1;land;false;forest;6
5438;216;106;1;land;false;forest;6
5439;232;132;1;land;false;forest;6
5440;233;129;1;land;false;forest;6
5441;252;75;1;land;false;forest;6
5442;209;134;1;land;false;forest;6
5443;232;124;1;land;false;urban;6
5444;206;70;1;land;false;forest;6
5445;207;74;1;land;false;forest;6
5446;0;246;1;land;false;forest;6
5447;38;225;1;land;false;urban;6
5448;63;252;1;land;false;forest;6
5449;17;225;1;land;false;forest;6
5450;25;252;1;land;false;urban;6
5451;60;246;1;land;false;forest;6
5452;231;233;1;land;false;forest;6
5453;189;218;1;land;true;forest;6
5454;185;180;1;land;false;forest;6
5455;95;161;1;land;false;forest;6
5456;111;169;1;land;false;urban;6
5457;56;193;1;land;false;forest;6
5458;78;198;1;land;false;urban;6
5459;130;135;1;land;false;urban;6
5460;127;30;1;land;true;forest;6
5461;89;68;1;land;true;jungle;6
5462;133;65;1;land;true;plains;6
5463;84;55;1;land;true;jungle;6
5464;116;54;1;land;true;forest;6
5465;159;183;1;land;false;forest;6
5466;94;170;1;land;false;forest;6
5467;132;207;1;land;false;forest;6
5468;169;197;1;land;false;forest;6
5469;131;213;1;land;false;forest;6
5470;157;187;1;land;true;forest;6
5471;111;168;1;land;false;forest;6
5472;112;188;1;land;false;forest;6
5473;142;149;1;land;true;plains;6
5474;93;146;1;land;true;forest;6
5475;103;168;1;land;true;forest;6
5476;101;200;1;land;false;plains;6
5477;147;209;1;land;true;forest;6
5478;111;174;1;land;true;forest;6
5479;91;156;1;land;true;forest;6
5480;123;214;1;land;false;forest;6
5481;133;202;1;land;false;forest;6
5482;116;222;1;land;false;forest;6
5483;85;202;1;land;false;forest;6
5484;143;205;1;land;false;forest;6
5485;157;197;1;land;false;urban;6
5486;147;120;1;land;true;mountain;6
5487;127;131;1;land;true;plains;6
5488;241;142;1;land;false;forest;6
5489;223;166;1;land;false;urban;6
5490;194;176;1;land;false;forest;6
5491;237;198;1;land;false;urban;6
5492;206;188;1;land;false;forest;6
5493;206;143;1;land;false;forest;6
5494;190;173;1;land;false;forest;6
5495;211;161;1;land;false;urban;6
5496;232;174;1;land;false;forest;6
5497;214;195;1;land;false;urban;6
5498;241;205;1;land;false;forest;6
5499;194;216;1;land;false;forest;6
5500;115;128;1;land;false;forest;6
5501;108;129;1;land;false;urban;6
5502;168;172;1;land;false;urban;6
5503;141;181;1;land;false;forest;6
5504;143;22;1;land;false;forest;6
5505;152;42;1;land;false;forest;6
5506;112;28;1;land;false;urban;6
5507;142;36;1;land;false;urban;6
5508;55;226;1;land;false;forest;6
5509;98;242;1;land;false;forest;6
5510;37;251;1;land;false;forest;6
5511;71;230;1;land;false;forest;6
5512;60;236;1;land;false;urban;6
5513;79;252;1;land;false;forest;6
5514;219;185;1;land;false;forest;6
5515;249;190;1;land;false;urban;6
5516;242;185;1;land;false;forest;6
5517;195;220;1;land;false;forest;6
5518;195;200;1;land;false;urban;6
5519;236;186;1;land;false;urban;6
5520;254;207;1;land;false;urban;6
5521;220;176;1;land;false;forest;6
5522;204;247;1;land;false;urban;6
5523;248;206;1;land;false;forest;6
5524;27;67;1;land;true;forest;6
5525;31;119;1;land;true;urban;6
5526;31;77;1;land;false;forest;6
5527;43;105;1;land;false;urban;6
5528;39;117;1;land;true;hills;6
5529;34;127;1;land;false;urban;6
5530;1;235;1;land;false;forest;6
5531;17;243;1;land;false;urban;6
5532;33;254;1;land;true;forest;6
5533;9;215;1;land;false;forest;6
5534;5;186;1;land;true;jungle;6
5535;50;253;1;land;false;urban;6
5536;41;231;1;land;false;urban;6
5537;150;84;1;land;false;forest;6
5538;141;33;1;land;false;forest;6
5539;116;29;1;land;false;urban;6
5540;109;104;1;land;false;urban;6
5541;123;88;1;land;false;forest;6
5542;159;63;1;land;false;forest;6
5543;162;57;1;land;false;forest;6
5544;119;90;1;land;false;forest;6
5545;124;160;1;land;false;forest;6
5546;174;156;1;land;false;forest;6
5547;173;150;1;land;false;forest;6
5548;161;89;1;land;false;forest;6
5549;194;67;1;land;false;urban;6
5550;139;97;1;land;true;forest;6
5551;148;42;1;land;false;forest;6
5552;163;81;1;land;false;urban;6
5553;142;106;1;land;false;forest;6
5554;147;49;1;land;false;forest;6
5555;165;104;1;land;false;forest;6
5556;85;130;1;land;false;forest;6
5557;49;146;1;land;false;forest;6
5558;64;142;1;land;false;forest;6
5559;69;165;1;land;false;forest;6
5560;100;165;1;land;false;forest;6
5561;116;78;1;land;true;forest;6
5562;95;207;1;land;false;forest;6
5563;88;187;1;land;false;urban;6
5564;224;156;1;land;true;plains;6
5565;206;141;1;land;true;forest;6
5566;20;167;1;land;true;urban;6
5567;40;33;1;land;true;forest;6
5568;109;64;1;land;false;forest;6
5569;70;97;1;land;false;urban;6
5570;115;52;1;land;false;forest;6
5571;114;62;1;land;false;forest;6
5572;80;40;1;land;false;forest;6
5573;77;109;1;land;false;urban;6
5574;115;104;1;land;false;plains;6
5575;106;45;1;land;false;forest;6
5576;128;84;1;land;false;plains;6
5577;78;81;1;land;false;forest;6
5578;227;143;1;land;false;jungle;6
5579;247;151;1;land;false;forest;6
5580;234;213;1;land;false;jungle;6
5581;237;216;1;land;false;plains;6
5582;174;164;1;land;false;forest;6
5583;247;202;1;land;false;forest;6
5584;216;197;1;land;false;jungle;6
5585;233;141;1;land;false;forest;6
5586;180;171;1;land;false;jungle;6
5587;184;157;1;land;false;forest;6
5588;230;148;1;land;false;plains;6
5589;102;249;1;land;false;forest;6
5590;103;251;1;land;false;urban;6
5591;74;245;1;land;false;forest;6
5592;105;228;1;land;false;forest;6
5593;107;153;1;land;false;forest;6
5594;19;202;1;land;false;forest;6
5595;18;200;1;land;false;forest;6
5596;23;254;1;land;false;urban;6
5597;25;213;1;land;false;urban;6
5598;33;182;1;land;false;urban;6
5599;25;203;1;land;false;forest;6
5600;25;140;1;land;false;forest;6
5601;33;136;1;land;false;forest;6
5602;61;136;1;land;false;urban;6
5603;25;129;1;land;false;urban;6
5604;39;101;1;land;false;forest;6
5605;80;229;1;land;false;hills;6
5606;70;220;1;land;false;forest;6
5607;195;90;1;land;true;forest;6
5608;236;53;1;land;false;urban;6
5609;180;82;1;land;false;forest;6
5610;241;90;1;land;true;forest;6
5611;196;112;1;land;false;urban;6
5612;180;57;1;land;true;forest;6
5613;46;40;1;land;true;forest;6
5614;94;80;1;land;true;forest;6
5615;122;39;1;land;false;forest;6
5616;104;93;1;land;false;forest;6
5617;123;78;1;land;false;forest;6
5618;145;75;1;land;false;forest;6
5619;139;174;1;land;false;plains;6
5620;101;198;1;land;false;plains;6
5621;109;192;1;land;false;plains;6
5622;101;144;1;land;false;urban;6
5623;194;137;1;land;false;forest;6
5624;149;71;1;land;false;urban;6
5625;121;123;1;land;false;forest;6
5626;132;74;1;land;false;urban;6
5627;181;107;1;land;false;forest;6
5628;196;91;1;land;false;forest;6
5629;213;234;1;land;false;forest;6
5630;153;227;1;land;false;forest;6
5631;153;241;1;land;false;forest;6
5632;161;230;1;land;false;forest;6
5633;218;229;1;land;false;forest;6
5634;186;239;1;land;false;forest;6
5635;39;50;1;land;true;plains;6
5636;96;34;1;land;false;forest;6
5637;63;84;1;land;true;plains;6
5638;66;68;1;land;false;plains;6
5639;74;105;1;land;false;plains;6
5640;48;44;1;land;false;plains;6
5641;60;75;1;land;false;plains;6
5642;55;94;1;land;false;forest;6
5643;78;71;1;land;true;plains;6
5644;98;88;1;land;false;forest;6
5645;95;119;1;land;false;forest;6
5646;89;119;1;land;false;urban;6
5647;137;124;1;land;false;forest;6
5648;151;121;1;land;false;forest;6
5649;225;78;1;land;false;forest;6
5650;228;59;1;land;false;forest;6
5651;254;12;1;land;false;forest;6
5652;239;39;1;land;false;forest;6
5653;242;24;1;land;false;forest;6
5654;15;196;1;land;false;forest;6
5655;141;118;1;land;false;forest;6
5656;188;190;1;land;false;forest;6
5657;185;139;1;land;false;forest;6
5658;31;48;1;land;false;forest;6
5659;27;24;1;land;true;forest;6
5660;4;29;1;land;false;forest;6
5661;58;53;1;land;false;forest;6
5662;37;20;1;land;true;forest;6
5663;54;45;1;land;true;forest;6
5664;69;58;1;land;false;forest;6
5665;34;41;1;land;false;forest;6
5666;38;34;1;land;false;urban;6
5667;103;121;1;land;false;forest;6
5668;104;180;1;land;false;forest;6
5669;91;148;1;land;false;forest;6
5670;85;155;1;land;false;urban;6
5671;53;192;1;land;false;forest;6
5672;101;149;1;land;false;forest;6
5673;219;220;1;land;false;forest;6
5674;194;244;1;land;false;forest;6
5675;174;233;1;land;false;forest;6
5676;158;235;1;land;false;forest;6
5677;205;41;1;land;true;forest;6
5678;247;5;1;land;true;forest;6
5679;241;43;1;land;true;forest;6
5680;206;35;1;land;true;forest;6
5681;211;152;1;land;true;forest;6
5682;122;205;1;land;true;forest;6
5683;77;244;1;land;false;forest;6
5684;149;223;1;land;true;forest;6
5685;95;216;1;land;false;plains;6
5686;159;118;1;land;false;forest;6
5687;190;67;1;land;false;forest;6
5688;189;89;1;land;false;urban;6
5689;126;124;1;land;false;urban;6
5690;126;64;1;land;false;forest;6
5691;158;70;1;land;false;forest;6
5692;141;131;1;land;false;forest;6
5693;2;221;1;land;false;forest;6
5694;9;183;1;land;false;forest;6
5695;11;200;1;land;false;urban;6
5696;22;162;1;land;false;urban;6
5697;17;193;1;land;false;forest;6
5698;42;212;1;land;false;forest;6
5699;36;189;1;land;false;forest;6
5700;72;42;1;land;false;forest;6
5701;3;22;1;land;false;urban;6
5702;33;87;1;land;false;forest;6
5703;135;222;1;land;false;forest;6
5704;135;236;1;land;false;urban;6
5705;117;216;1;land;false;forest;6
5706;134;247;1;land;false;urban;6
5707;76;239;1;land;false;forest;6
5708;96;241;1;land;false;forest;6
5709;116;215;1;land;false;forest;6
5710;116;252;1;land;false;urban;6
5711;7;116;1;land;false;forest;6
5712;16;87;1;land;false;urban;6
5713;37;122;1;land;false;forest;6
5714;8;79;1;land;false;urban;6
5715;66;81;1;land;false;forest;6
5716;24;104;1;land;false;plains;6
5717;78;147;1;land;false;forest;6
5718;191;53;1;land;false;forest;6
5719;175;65;1;land;false;urban;6
5720;161;65;1;land;false;forest;6
5721;194;179;1;land;false;forest;6
5722;213;173;1;land;false;urban;6
5723;161;209;1;land;false;forest;6
5724;173;162;1;land;false;urban;6
5725;220;155;1;land;false;urban;6
5726;174;202;1;land;false;urban;6
5727;177;163;1;land;false;urban;6
5728;187;201;1;land;false;forest;6
5729;132;69;1;land;false;forest;6
5730;95;65;1;land;false;forest;6
5731;131;51;1;land;false;plains;6
5732;141;11;1;land;false;urban;6
5733;129;50;1;land;false;urban;6
5734;83;30;1;land;false;forest;6
5735;85;63;1;land;false;forest;6
5736;146;199;1;land;false;forest;6
5737;103;196;1;land;false;forest;6
5738;151;162;1;land;false;urban;6
5739;92;136;1;land;false;forest;6
5740;136;88;1;land;false;mountain;6
5741;141;61;1;land;false;mountain;6
5742;107;77;1;land;false;mountain;6
5743;149;23;1;land;false;mountain;6
5744;128;21;1;land;false;mountain;6
5745;166;71;1;land;false;mountain;6
5746;153;45;1;land;false;hills;6
5747;209;205;1;land;true;forest;6
5748;71;151;1;land;false;forest;6
5749;91;26;1;land;false;forest;6
5750;69;24;1;land;true;urban;6
5751;122;62;1;land;true;forest;6
5752;246;2;1;land;false;plains;6
5753;209;6;1;land;false;plains;6
5754;203;36;1;land;false;plains;6
5755;211;42;1;land;false;plains;6
5756;216;31;1;land;false;plains;6
5757;246;23;1;land;false;plains;6
5758;28;15;1;land;false;forest;6
5759;10;36;1;land;false;forest;6
5760;17;50;1;land;false;forest;6
5761;109;201;1;land;false;forest;6
5762;117;204;1;land;false;forest;6
5763;110;206;1;land;false;forest;6
5764;174;224;1;land;false;forest;6
5765;119;234;1;land;false;forest;6
5766;165;203;1;land;false;forest;6
5767;161;247;1;land;false;forest;6
5768;163;197;1;land;false;forest;6
5769;134;204;1;land;false;forest;6
5770;127;241;1;land;false;forest;6
5771;172;186;1;land;false;mountain;6
5772;219;190;1;land;false;mountain;6
5773;172;138;1;land;false;mountain;6
5774;188;138;1;land;false;forest;6
5775;174;191;1;land;false;mountain;6
5776;196;186;1;land;false;mountain;6
5777;217;43;1;land;true;forest;6
5778;208;38;1;land;true;forest;6
5779;187;42;1;land;true;forest;6
5780;249;57;1;land;true;plains;6
5781;249;25;1;land;true;forest;6
5782;244;171;1;land;false;plains;6
5783;245;208;1;land;false;plains;6
5784;220;209;1;land;false;hills;6
5785;233;214;1;land;false;plains;6
5786;210;182;1;land;false;plains;6
5787;11;13;1;land;false;forest;6
5788;18;52;1;land;false;urban;6
5789;10;16;1;land;false;forest;6
5790;15;24;1;land;false;urban;6
5791;21;45;1;land;false;forest;6
5792;29;5;1;land;false;forest;6
5793;31;36;1;land;false;forest;6
5794;108;155;1;land;true;forest;6
5795;131;171;1;land;true;forest;6
5796;183;30;1;land;false;forest;6
5797;179;3;1;land;false;urban;6
5798;164;18;1;land;false;urban;6
5799;136;7;1;land;false;forest;6
5800;137;38;1;land;false;forest;6
5801;211;30;1;land;false;urban;6
5802;212;1;1;land;false;forest;6
5803;214;20;1;land;false;forest;6
5804;196;8;1;land;false;urban;6
5805;77;238;1;land;false;mountain;6
5806;80;253;1;land;false;forest;6
5807;33;246;1;land;false;mountain;6
5808;53;228;1;land;false;forest;6
5809;26;193;1;land;false;mountain;6
5810;67;254;1;land;false;mountain;6
5811;62;252;1;land;false;mountain;6
5812;90;207;1;land;false;forest;6
5813;38;193;1;land;false;forest;6
5814;55;241;1;land;false;mountain;6
5815;67;215;1;land;false;mountain;6
5816;12;219;1;land;false;forest;6
5817;79;225;1;land;false;mountain;6
5818;65;209;1;land;false;mountain;6
5819;60;196;1;land;false;mountain;6
5820;83;107;1;land;false;forest;6
5821;97;166;1;land;false;forest;6
5822;119;123;1;land;false;forest;6
5823;93;116;1;land;false;forest;6
5824;216;218;1;land;false;forest;6
5825;228;212;1;land;false;urban;6
5826;221;194;1;land;false;forest;6
5827;239;234;1;land;false;urban;6
5828;229;182;1;land;false;forest;6
5829;249;244;1;land;false;forest;6
5830;249;176;1;land;false;forest;6
5831;222;190;1;land;false;forest;6
5832;57;137;1;land;false;forest;6
5833;64;131;1;land;false;forest;6
5834;9;102;1;land;false;urban;6
5835;190;65;1;land;false;urban;6
5836;126;107;1;land;false;urban;6
5837;123;32;1;land;false;forest;6
5838;178;72;1;land;false;forest;6
5839;146;77;1;land;false;urban;6
5840;126;31;1;land;false;hills;6
5841;152;75;1;land;false;forest;6
5842;184;198;1;land;false;forest;6
5843;251;201;1;land;false;urban;6
5844;29;106;1;land;false;forest;6
5845;26;161;1;land;false;urban;6
5846;10;140;1;land;true;forest;6
5847;73;148;1;land;true;forest;6
5848;26;174;1;land;true;urban;6
5849;40;175;1;land;true;forest;6
5850;66;152;1;land;false;urban;6
5851;35;118;1;land;true;forest;6
5852;127;192;1;land;false;forest;6
5853;140;200;1;land;false;urban;6
5854;102;244;1;land;true;forest;6
5855;124;218;1;land;false;forest;6
5856;108;187;1;land;false;forest;6
5857;85;198;1;land;false;forest;6
5858;104;227;1;land;false;forest;6
5859;218;209;1;land;false;urban;6
5860;229;169;1;land;true;urban;6
5861;217;168;1;land;true;forest;6
5862;239;200;1;land;false;forest;6
5863;206;196;1;land;true;plains;6
5864;235;216;1;land;false;urban;6
5865;225;151;1;land;false;urban;6
5866;31;165;1;land;false;forest;6
5867;14;153;1;land;false;urban;6
5868;2;151;1;land;false;forest;6
5869;46;222;1;land;false;forest;6
5870;46;208;1;land;false;forest;6
5871;22;218;1;land;false;forest;6
5872;31;191;1;land;false;forest;6
5873;47;156;1;land;false;urban;6
5874;190;115;1;land;false;forest;6
5875;180;131;1;land;false;urban;6
5876;172;189;1;land;false;forest;6
5877;117;190;1;land;false;urban;6
5878;117;151;1;land;false;forest;6
5879;138;181;1;land;false;urban;6
5880;181;115;1;land;false;forest;6
5881;196;7;1;land;false;forest;6
5882;164;2;1;land;false;forest;6
5883;172;141;1;land;false;forest;6
5884;171;152;1;land;false;urban;6
5885;158;126;1;land;false;forest;6
5886;169;172;1;land;false;forest;6
5887;187;137;1;land;false;forest;6
5888;189;187;1;land;false;forest;6
5889;221;165;1;land;false;urban;6
5890;216;182;1;land;false;forest;6
5891;201;175;1;land;false;urban;6
5892;209;184;1;land;false;forest;6
5893;230;192;1;land;false;plains;6
5894;38;139;1;land;false;forest;6
5895;49;124;1;land;false;urban;6
5896;62;96;1;land;false;forest;6
5897;53;142;1;land;false;urban;6
5898;79;109;1;land;false;forest;6
5899;94;128;1;land;true;forest;6
5900;87;141;1;land;true;forest;6
5901;116;153;1;land;true;plains;6
5902;179;34;1;land;false;plains;6
5903;139;37;1;land;false;urban;6
5904;150;16;1;land;false;forest;6
5905;120;18;1;land;false;forest;6
5906;177;41;1;land;false;plains;6
5907;28;68;1;land;false;jungle;6
5908;21;135;1;land;false;forest;6
5909;23;118;1;land;false;forest;6
5910;35;229;1;land;true;forest;6
5911;202;44;1;land;false;forest;6
5912;227;53;1;land;false;urban;6
5913;218;95;1;land;false;forest;6
5914;153;102;1;land;false;forest;6
5915;204;99;1;land;true;forest;6
5916;122;230;1;land;false;forest;6
5917;100;194;1;land;false;urban;6
5918;149;239;1;land;false;forest;6
5919;136;222;1;land;false;forest;6
5920;156;243;1;land;false;forest;6
5921;125;203;1;land;false;forest;6
5922;160;74;1;land;false;forest;6
5923;148;95;1;land;false;urban;6
5924;140;100;1;land;false;forest;6
5925;123;104;1;land;false;urban;6
5926;143;72;1;land;false;urban;6
5927;130;103;1;land;false;forest;6
5928;149;59;1;land;false;forest;6
5929;140;108;1;land;false;forest;6
5930;144;127;1;land;false;forest;6
5931;123;126;1;land;false;urban;6
5932;9;58;1;land;false;forest;6
5933;6;27;1;land;false;urban;6
5934;18;25;1;land;false;forest;6
5935;0;29;1;land;false;forest;6
5936;2;34;1;land;false;forest;6
5937;47;67;1;land;false;forest;6
5938;93;21;1;land;false;urban;6
5939;76;24;1;land;false;forest;6
5940;33;70;1;land;false;forest;6
5941;173;168;1;land;false;forest;6
5942;163;141;1;land;false;plains;6
5943;145;194;1;land;false;plains;6
5944;200;184;1;land;false;urban;6
5945;211;136;1;land;false;forest;6
5946;219;147;1;land;false;forest;6
5947;180;56;1;land;false;forest;6
5948;203;24;1;land;false;urban;6
5949;205;40;1;land;false;urban;6
5950;196;30;1;land;false;forest;6
5951;154;6;1;land;false;forest;6
5952;179;27;1;land;false;forest;6
5953;243;49;1;land;true;forest;6
5954;206;40;1;land;false;jungle;6
5955;232;15;1;land;false;urban;6
5956;204;48;1;land;false;forest;6
5957;237;71;1;land;false;forest;6
5958;236;4;1;land;false;urban;6
5959;207;42;1;land;false;urban;6
5960;238;11;1;land;false;forest;6
5961;248;42;1;land;false;urban;6
5962;224;44;1;land;false;urban;6
5963;78;47;1;land;false;forest;6
5964;29;56;1;land;false;forest;6
5965;54;32;1;land;false;forest;6
5966;30;50;1;land;false;forest;6
5967;116;13;1;land;true;forest;6
5968;157;49;1;land;true;forest;6
5969;137;55;1;land;true;plains;6
5970;151;37;1;land;true;forest;6
5971;26;169;1;land;true;forest;6
5972;22;172;1;land;false;forest;6
5973;21;123;1;land;false;urban;6
5974;198;205;1;land;false;forest;6
5975;193;167;1;land;false;forest;6
5976;169;206;1;land;false;urban;6
5977;147;207;1;land;false;urban;6
5978;180;168;1;land;false;forest;6
5979;157;199;1;land;false;urban;6
5980;62;6;1;land;true;forest;6
5981;35;9;1;land;false;forest;6
5982;99;5;1;land;false;plains;6
5983;59;27;1;land;true;plains;6
5984;74;5;1;land;false;plains;6
5985;55;163;1;land;false;forest;6
5986;42;173;1;land;false;urban;6
5987;34;185;1;land;false;urban;6
5988;98;237;1;land;false;forest;6
5989;27;240;1;land;false;urban;6
5990;177;172;1;land;false;mountain;6
5991;126;196;1;land;false;forest;6
5992;131;191;1;land;true;forest;6
5993;149;191;1;land;true;mountain;6
5994;164;38;1;land;false;forest;6
5995;233;147;1;land;false;forest;6
5996;231;166;1;land;false;urban;6
5997;237;166;1;land;false;forest;6
5998;168;53;1;land;true;forest;6
5999;136;64;1;land;true;forest;6
6000;144;58;1;land;false;forest;6
6001;192;30;1;land;false;urban;6
6002;190;54;1;land;false;forest;6
6003;10;183;1;land;false;forest;6
6004;45;149;1;land;false;forest;6
6005;18;144;1;land;false;plains;6
6006;23;182;1;land;false;forest;6
6007;7;169;1;land;false;forest;6
6008;28;202;1;land;false;plains;6
6009;10;173;1;land;false;forest;6
6010;8;181;1;land;false;urban;6
6011;14;142;1;land;false;forest;6
6012;119;191;1;land;true;forest;6
6013;93;178;1;land;true;plains;6
6014;151;32;1;land;false;urban;6
6015;196;40;1;land;false;forest;6
6016;202;74;1;land;false;forest;6
6017;162;58;1;land;false;forest;6
6018;162;52;1;land;false;forest;6
6019;227;42;1;land;false;forest;6
6020;224;9;1;land;false;forest;6
6021;211;45;1;land;false;forest;6
6022;225;40;1;land;false;urban;6
6023;122;95;1;land;false;forest;6
6024;87;162;1;land;false;forest;6
6025;82;90;1;land;false;forest;6
6026;0;211;1;land;false;urban;6
6027;36;215;1;land;false;forest;6
6028;48;245;1;land;false;forest;6
6029;48;204;1;land;false;hills;6
6030;42;209;1;land;false;forest;6
6031;48;208;1;land;false;forest;6
6032;15;198;1;land;false;hills;6
6033;54;212;1;land;false;plains;6
6034;27;218;1;land;false;urban;6
6035;9;237;1;land;false;hills;6
6036;117;103;1;land;false;plains;6
6037;83;106;1;land;false;plains;6
6038;117;122;1;land;false;hills;6
6039;86;65;1;land;false;plains;6
6040;94;63;1;land;false;plains;6
6041;143;86;1;land;false;plains;6
6042;53;7;1;land;false;plains;6
6043;64;40;1;land;false;urban;6
6044;78;38;1;land;false;urban;6
6045;111;0;1;land;false;urban;6
6046;65;44;1;land;false;forest;6
6047;80;24;1;land;false;urban;6
6048;92;37;1;land;false;plains;6
6049;48;60;1;land;false;forest;6
6050;60;72;1;land;false;plains;6
6051;60;198;1;land;false;hills;6
6052;43;211;1;land;false;hills;6
6053;53;195;1;land;false;mountain;6
6054;82;205;1;land;false;plains;6
6055;112;143;1;land;false;hills;6
6056;68;134;1;land;false;plains;6
6057;40;205;1;land;false;hills;6
6058;80;159;1;land;false;hills;6
6059;50;144;1;land;false;mountain;6
6060;129;40;1;land;false;forest;6
6061;108;37;1;land;false;forest;6
6062;90;25;1;land;false;forest;6
6063;126;41;1;land;false;urban;6
6064;210;206;1;land;false;forest;6
6065;199;119;1;land;false;forest;6
6066;182;125;1;land;false;forest;6
6067;153;117;1;land;false;urban;6
6068;166;113;1;land;false;forest;6
6069;140;116;1;land;false;forest;6
6070;56;244;1;land;false;forest;6
6071;53;234;1;land;false;forest;6
6072;39;213;1;land;false;forest;6
6073;33;201;1;land;false;forest;6
6074;111;187;1;land;false;plains;6
6075;79;181;1;land;false;forest;6
6076;63;220;1;land;false;forest;6
6077;104;194;1;land;false;urban;6
6078;211;132;1;land;false;forest;6
6079;230;154;1;land;false;forest;6
6080;214;138;1;land;false;urban;6
6081;0;34;1;land;false;forest;6
6082;53;33;1;land;false;forest;6
6083;3;18;1;land;true;forest;6
6084;48;36;1;land;false;urban;6
6085;49;36;1;land;true;forest;6
6086;114;150;1;land;true;forest;6
6087;133;131;1;land;true;forest;6
6088;145;121;1;land;false;forest;6
6089;112;121;1;land;false;forest;6
6090;152;140;1;land;false;forest;6
6091;151;134;1;land;true;forest;6
6092;166;47;1;land;false;forest;6
6093;108;43;1;land;false;forest;6
6094;98;182;1;land;false;urban;6
6095;135;195;1;land;false;forest;6
6096;129;198;1;land;false;forest;6
6097;96;182;1;land;false;forest;6
6098;106;158;1;land;false;forest;6
6099;135;143;1;land;false;forest;6
6100;203;48;1;land;false;forest;6
6101;200;11;1;land;false;urban;6
6102;205;15;1;land;false;forest;6
6103;175;54;1;land;true;forest;6
6104;176;11;1;land;false;urban;6
6105;247;38;1;land;false;forest;6
6106;178;83;1;land;false;urban;6
6107;249;73;1;land;false;urban;6
6108;174;180;1;land;false;forest;6
6109;204;169;1;land;false;forest;6
6110;195;172;1;land;false;plains;6
6111;180;153;1;land;false;forest;6
6112;150;183;1;land;false;forest;6
6113;156;122;1;land;false;plains;6
6114;56;1;1;land;false;forest;6
6115;7;10;1;land;false;forest;6
6116;12;11;1;land;false;forest;6
6117;26;35;1;land;false;forest;6
6118;61;1;1;land;false;forest;6
6119;28;4;1;land;false;forest;6
6120;51;13;1;land;false;forest;6
6121;24;7;1;land;false;forest;6
6122;10;23;1;land;false;forest;6
6123;62;120;1;land;false;plains;6
6124;0;124;1;land;false;urban;6
6125;10;165;1;land;false;plains;6
6126;51;147;1;land;false;plains;6
6127;131;33;1;land;false;plains;6
6128;138;14;1;land;false;plains;6
6129;236;160;1;land;false;forest;6
6130;199;163;1;land;false;urban;6
6131;241;155;1;land;false;forest;6
6132;227;152;1;land;false;forest;6
6133;207;143;1;land;false;forest;6
6134;253;166;1;land;false;forest;6
6135;227;120;1;land;false;forest;6
6136;71;4;1;land;true;forest;6
6137;57;21;1;land;false;forest;6
6138;57;35;1;land;false;urban;6
6139;63;33;1;land;false;forest;6
6140;180;243;1;land;true;forest;6
6141;138;224;1;land;true;forest;6
6142;178;58;1;land;true;plains;6
6143;49;217;1;land;false;forest;6
6144;45;164;1;land;false;forest;6
6145;146;17;1;land;false;forest;6
6146;158;30;1;land;false;forest;6
6147;170;31;1;land;false;urban;6
6148;94;25;1;land;false;forest;6
6149;150;45;1;land;false;urban;6
6150;238;61;1;land;true;forest;6
6151;208;78;1;land;false;forest;6
6152;229;54;1;land;true;forest;6
6153;34;130;1;land;false;forest;6
6154;11;148;1;land;false;forest;6
6155;39;91;1;land;false;forest;6
6156;66;129;1;land;false;forest;6
6157;70;103;1;land;false;forest;6
6158;207;111;1;land;false;forest;6
6159;183;97;1;land;false;urban;6
6160;233;55;1;land;true;forest;6
6161;250;43;1;land;false;urban;6
6162;221;51;1;land;false;forest;6
6163;221;99;1;land;true;hills;6
6164;239;94;1;land;true;forest;6
6165;215;231;1;land;false;forest;6
6166;251;248;1;land;false;plains;6
6167;239;247;1;land;false;hills;6
6168;240;210;1;land;false;plains;6
6169;195;244;1;land;false;forest;6
6170;236;246;1;land;false;hills;6
6171;247;210;1;land;false;plains;6
6172;192;201;1;land;false;hills;6
6173;102;195;1;land;false;forest;6
6174;171;227;1;land;false;forest;6
6175;238;173;1;land;false;urban;6
6176;181;183;1;land;false;forest;6
6177;190;136;1;land;false;forest;6
6178;244;142;1;land;false;forest;6
6179;202;148;1;land;false;forest;6
6180;91;145;1;land;false;forest;6
6181;52;188;1;land;false;urban;6
6182;64;127;1;land;false;urban;6
6183;53;194;1;land;false;urban;6
6184;77;185;1;land;false;urban;6
6185;29;148;1;land;false;forest;6
6186;71;143;1;land;false;forest;6
6187;106;25;1;land;false;forest;6
6188;79;16;1;land;true;forest;6
6189;77;5;1;land;true;forest;6
6190;57;50;1;land;false;urban;6
6191;78;48;1;land;true;forest;6
6192;78;18;1;land;false;urban;6
6193;39;18;1;land;false;urban;6
6194;54;12;1;land;false;forest;6
6195;54;46;1;land;false;forest;6
6196;84;65;1;land;true;forest;6
6197;183;131;1;land;false;forest;6
6198;160;168;1;land;false;urban;6
6199;195;107;1;land;false;urban;6
6200;184;146;1;land;false;forest;6
6201;141;150;1;land;false;forest;6
6202;207;185;1;land;false;forest;6
6203;182;135;1;land;false;forest;6
6204;203;250;1;land;false;forest;6
6205;244;230;1;land;false;forest;6
6206;219;241;1;land;false;urban;6
6207;229;235;1;land;false;urban;6
6208;219;229;1;land;false;forest;6
6209;243;241;1;land;false;urban;6
6210;98;3;1;land;false;forest;6
6211;115;5;1;land;false;urban;6
6212;118;19;1;land;false;forest;6
6213;61;29;1;land;false;forest;6
6214;128;4;1;land;false;urban;6
6215;65;8;1;land;false;forest;6
6216;62;1;1;land;false;forest;6
6217;105;7;1;land;false;urban;6
6218;94;24;1;land;false;forest;6
6219;120;41;1;land;false;forest;6
6220;109;25;1;land;false;forest;6
6221;116;41;1;land;false;forest;6
6222;177;148;1;land;false;plains;6
6223;171;99;1;land;false;plains;6
6224;178;98;1;land;false;forest;6
6225;216;136;1;land;false;forest;6
6226;185;154;1;land;false;plains;6
6227;225;117;1;land;false;forest;6
6228;180;126;1;land;false;plains;6
6229;223;117;1;land;false;plains;6
6230;227;108;1;land;false;hills;6
6231;48;63;1;land;false;forest;6
6232;25;86;1;land;true;forest;6
6233;43;91;1;land;true;forest;6
6234;46;91;1;land;false;forest;6
6235;0;52;1;land;true;forest;6
6236;8;130;1;land;true;forest;6
6237;23;110;1;land;false;urban;6
6238;28;90;1;land;false;urban;6
6239;40;100;1;land;true;forest;6
6240;16;128;1;land;false;forest;6
6241;3;79;1;land;true;forest;6
6242;145;186;1;land;true;forest;6
6243;147;197;1;land;true;forest;6
6244;189;179;1;land;false;forest;6
6245;123;129;1;land;false;forest;6
6246;105;115;1;land;true;urban;6
6247;161;116;1;land;true;plains;6
6248;110;107;1;land;false;forest;6
6249;214;33;1;land;false;forest;6
6250;211;7;1;land;false;urban;6
6251;231;22;1;land;false;forest;6
6252;247;3;1;land;false;forest;6
6253;215;2;1;land;false;forest;6
6254;55;110;1;land;false;plains;6
6255;28;96;1;land;false;urban;6
6256;71;69;1;land;false;forest;6
6257;53;139;1;land;false;forest;6
6258;20;81;1;land;false;forest;6
6259;90;106;1;land;false;forest;6
6260;28;247;1;land;false;forest;6
6261;124;186;1;land;false;forest;6
6262;73;216;1;land;false;forest;6
6263;91;190;1;land;false;plains;6
6264;82;160;1;land;false;forest;6
6265;88;207;1;land;false;jungle;6
6266;142;88;1;land;true;forest;6
6267;197;81;1;land;false;urban;6
6268;184;39;1;land;false;forest;6
6269;141;36;1;land;false;forest;6
6270;197;55;1;land;false;forest;6
6271;188;89;1;land;false;forest;6
6272;190;91;1;land;false;forest;6
6273;2;28;1;land;false;forest;6
6274;52;97;1;land;false;forest;6
6275;34;57;1;land;false;forest;6
6276;157;170;1;land;true;forest;6
6277;158;209;1;land;false;urban;6
6278;172;221;1;land;false;urban;6
6279;157;192;1;land;false;forest;6
6280;112;179;1;land;false;urban;6
6281;201;18;1;land;true;forest;6
6282;218;58;1;land;false;forest;6
6283;65;196;1;land;false;forest;6
6284;89;196;1;land;false;forest;6
6285;16;196;1;land;true;plains;6
6286;20;179;1;land;true;forest;6
6287;67;130;1;land;true;forest;6
6288;143;115;1;land;false;forest;6
6289;140;99;1;land;false;forest;6
6290;157;130;1;land;false;urban;6
6291;163;95;1;land;false;forest;6
6292;108;45;1;land;false;plains;6
6293;127;43;1;land;false;urban;6
6294;143;44;1;land;false;mountain;6
6295;159;18;1;land;false;forest;6
6296;150;19;1;land;false;hills;6
6297;116;93;1;land;false;forest;6
6298;161;90;1;land;false;urban;6
6299;116;73;1;land;false;urban;6
6300;171;119;1;land;false;urban;6
6301;156;94;1;land;false;forest;6
6302;238;170;1;land;false;plains;6
6303;246;136;1;land;false;forest;6
6304;213;164;1;land;false;forest;6
6305;250;204;1;land;false;plains;6
6306;241;140;1;land;false;forest;6
6307;254;204;1;land;false;forest;6
6308;253;154;1;land;false;forest;6
6309;101;24;1;land;false;forest;6
6310;68;57;1;land;false;plains;6
6311;73;41;1;land;false;forest;6
6312;121;35;1;land;false;forest;6
6313;96;1;1;land;false;forest;6
6314;175;219;1;land;false;forest;6
6315;157;220;1;land;true;urban;6
6316;172;241;1;land;true;forest;6
6317;189;225;1;land;true;forest;6
6318;223;198;1;land;false;forest;6
6319;189;210;1;land;true;forest;6
6320;201;221;1;land;true;forest;6
6321;223;230;1;land;false;forest;6
6322;223;231;1;land;true;forest;6
6323;172;222;1;land;true;urban;6
6324;234;222;1;land;true;forest;6
6325;54;245;1;land;true;forest;6
6326;57;236;1;land;true;forest;6
6327;40;203;1;land;false;forest;6
6328;94;178;1;land;false;forest;6
6329;109;206;1;land;false;urban;6
6330;135;175;1;land;false;forest;6
6331;113;172;1;land;false;forest;6
6332;134;191;1;land;false;forest;6
6333;113;217;1;land;false;forest;6
6334;85;213;1;land;false;forest;6
6335;93;209;1;land;false;forest;6
6336;224;231;1;land;false;mountain;6
6337;211;185;1;land;false;mountain;6
6338;216;190;1;land;false;hills;6
6339;247;243;1;land;false;mountain;6
6340;208;217;1;land;false;mountain;6
6341;230;253;1;land;false;mountain;6
6342;216;208;1;land;false;mountain;6
6343;236;187;1;land;false;mountain;6
6344;252;214;1;land;false;mountain;6
6345;231;219;1;land;false;mountain;6
6346;229;254;1;land;false;mountain;6
6347;218;218;1;land;false;mountain;6
6348;197;45;1;land;false;forest;6
6349;175;67;1;land;false;forest;6
6350;197;33;1;land;false;forest;6
6351;245;107;1;land;false;forest;6
6352;173;79;1;land;false;urban;6
6353;205;165;1;land;false;plains;6
6354;168;210;1;land;false;plains;6
6355;180;187;1;land;false;plains;6
6356;168;203;1;land;false;plains;6
6357;198;169;1;land;false;plains;6
6358;176;222;1;land;false;urban;6
6359;186;220;1;land;false;plains;6
6360;249;55;1;land;false;plains;6
6361;218;42;1;land;false;forest;6
6362;251;34;1;land;false;urban;6
6363;130;3;1;land;false;forest;6
6364;166;40;1;land;false;forest;6
6365;116;3;1;land;false;forest;6
6366;188;22;1;land;false;forest;6
6367;168;16;1;land;false;urban;6
6368;170;23;1;land;false;forest;6
6369;124;43;1;land;false;forest;6
6370;169;9;1;land;false;forest;6
6371;181;35;1;land;false;urban;6
6372;144;2;1;land;false;forest;6
6373;111;14;1;land;false;forest;6
6374;26;139;1;land;false;forest;6
6375;35;161;1;land;true;forest;6
6376;9;132;1;land;true;forest;6
6377;38;171;1;land;true;hills;6
6378;24;144;1;land;false;hills;6
6379;23;112;1;land;true;urban;6
6380;40;170;1;land;true;forest;6
6381;3;133;1;land;true;plains;6
6382;85;221;1;land;false;forest;6
6383;79;211;1;land;false;forest;6
6384;119;177;1;land;false;forest;6
6385;216;59;1;land;false;forest;6
6386;200;89;1;land;false;forest;6
6387;203;100;1;land;false;forest;6
6388;179;245;1;land;false;forest;6
6389;175;218;1;land;true;forest;6
6390;59;162;1;land;false;forest;6
6391;51;157;1;land;false;forest;6
6392;55;209;1;land;false;forest;6
6393;47;140;1;land;false;urban;6
6394;45;171;1;land;false;forest;6
6395;144;11;1;land;true;jungle;6
6396;153;79;1;land;true;plains;6
6397;128;80;1;land;true;plains;6
6398;118;42;1;land;false;urban;6
6399;110;8;1;land;false;forest;6
6400;159;71;1;land;false;forest;6
6401;109;79;1;land;false;urban;6
6402;153;73;1;land;false;urban;6
6403;100;74;1;land;false;plains;6
6404;100;83;1;land;true;plains;6
6405;131;70;1;land;true;plains;6
6406;159;7;1;land;true;forest;6
6407;226;238;1;land;false;forest;6
6408;218;225;1;land;true;urban;6
6409;210;251;1;land;true;plains;6
6410;254;244;1;land;false;forest;6
6411;222;226;1;land;true;plains;6
6412;225;9;1;land;false;forest;6
6413;89;25;1;land;false;forest;6
6414;103;10;1;land;false;forest;6
6415;88;14;1;land;false;forest;6
6416;92;41;1;land;false;urban;6
6417;187;120;1;land;true;forest;6
6418;124;232;1;land;false;urban;6
6419;29;175;1;land;false;mountain;6
6420;42;145;1;land;false;mountain;6
6421;43;206;1;land;false;mountain;6
6422;13;189;1;land;false;mountain;6
6423;10;147;1;land;false;mountain;6
6424;43;172;1;land;false;mountain;6
6425;40;134;1;land;false;mountain;6
6426;0;184;1;land;false;mountain;6
6427;3;170;1;land;false;mountain;6
6428;19;182;1;land;false;mountain;6
6429;4;164;1;land;false;hills;6
6430;42;188;1;land;false;mountain;6
6431;9;187;1;land;false;mountain;6
6432;142;137;1;land;false;forest;6
6433;114;187;1;land;false;forest;6
6434;151;183;1;land;false;forest;6
6435;83;138;1;land;false;urban;6
6436;73;183;1;land;false;urban;6
6437;218;239;1;land;false;forest;6
6438;206;206;1;land;false;forest;6
6439;181;210;1;land;false;forest;6
6440;193;211;1;land;false;forest;6
6441;200;235;1;land;false;forest;6
6442;214;241;1;land;false;forest;6
6443;201;205;1;land;true;forest;6
6444;231;236;1;land;false;forest;6
6445;59;73;1;land;false;forest;6
6446;59;141;1;land;false;urban;6
6447;89;104;1;land;false;forest;6
6448;120;200;1;land;false;forest;6
6449;160;241;1;land;true;forest;6
6450;114;199;1;land;true;forest;6
6451;4;47;1;land;false;forest;6
6452;44;22;1;land;false;forest;6
6453;40;35;1;land;false;forest;6
6454;34;29;1;land;true;forest;6
6455;17;32;1;land;true;forest;6
6456;14;61;1;land;false;forest;6
6457;47;32;1;land;true;forest;6
6458;175;47;1;land;false;forest;6
6459;179;4;1;land;false;urban;6
6460;211;41;1;land;false;forest;6
6461;157;48;1;land;false;forest;6
6462;176;52;1;land;false;forest;6
6463;171;58;1;land;false;urban;6
6464;179;36;1;land;false;urban;6
6465;114;16;1;land;true;plains;6
6466;128;182;1;land;false;forest;6
6467;109;113;1;land;false;urban;6
6468;106;162;1;land;false;forest;6
6469;87;146;1;land;false;urban;6
6470;78;182;1;land;false;plains;6
6471;70;146;1;land;false;forest;6
6472;162;36;1;land;false;forest;6
6473;164;19;1;land;false;urban;6
6474;234;33;1;land;false;urban;6
6475;226;49;1;land;false;urban;6
6476;184;28;1;land;false;forest;6
6477;161;14;1;land;false;forest;6
6478;182;35;1;land;false;urban;6
6479;217;7;1;land;false;forest;6
6480;3;16;1;land;false;forest;6
6481;46;25;1;land;false;forest;6
6482;8;13;1;land;false;forest;6
6483;49;16;1;land;false;urban;6
6484;91;12;1;land;false;forest;6
6485;139;33;1;land;false;urban;6
6486;143;9;1;land;false;urban;6
6487;218;232;1;land;false;forest;6
6488;145;201;1;land;false;forest;6
6489;171;208;1;land;false;urban;6
6490;188;196;1;land;false;urban;6
6491;201;233;1;land;false;forest;6
6492;215;72;1;land;false;forest;6
6493;185;65;1;land;false;forest;6
6494;201;93;1;land;false;forest;6
6495;217;121;1;land;false;forest;6
6496;35;196;1;land;true;forest;6
6497;34;226;1;land;true;forest;6
6498;163;170;1;land;true;forest;6
6499;149;238;1;land;false;forest;6
6500;138;228;1;land;false;forest;6
6501;146;254;1;land;false;forest;6
6502;181;216;1;land;false;urban;6
6503;192;254;1;land;false;forest;6
6504;168;221;1;land;false;jungle;6
6505;206;230;1;land;false;forest;6
6506;157;222;1;land;false;forest;6
6507;211;237;1;land;false;forest;6
6508;50;21;1;land;false;hills;6
6509;7;17;1;land;false;plains;6
6510;75;55;1;land;false;forest;6
6511;69;47;1;land;false;urban;6
6512;100;61;1;land;false;forest;6
6513;70;49;1;land;false;forest;6
6514;77;59;1;land;false;urban;6
6515;116;115;1;land;false;forest;6
6516;103;109;1;land;false;urban;6
6517;97;187;1;land;false;forest;6
6518;85;169;1;land;false;urban;6
6519;134;195;1;land;false;forest;6
6520;98;181;1;land;false;forest;6
6521;130;188;1;land;false;urban;6
6522;137;200;1;land;false;forest;6
6523;192;33;1;land;false;urban;6
6524;148;77;1;land;false;forest;6
6525;209;40;1;land;false;forest;6
6526;34;39;1;land;false;forest;6
6527;27;59;1;land;false;forest;6
6528;9;69;1;land;false;forest;6
6529;11;63;1;land;false;forest;6
6530;54;51;1;land;false;forest;6
6531;32;202;1;land;false;forest;6
6532;11;160;1;land;false;urban;6
6533;233;29;1;land;false;forest;6
6534;186;25;1;land;false;forest;6
6535;176;157;1;land;false;forest;6
6536;243;209;1;land;false;forest;6
6537;207;219;1;land;false;plains;6
6538;200;171;1;land;false;urban;6
6539;211;141;1;land;false;forest;6
6540;67;107;1;land;false;mountain;6
6541;65;48;1;land;false;forest;6
6542;70;76;1;land;false;forest;6
6543;18;55;1;land;false;hills;6
6544;78;50;1;land;false;forest;6
6545;93;62;1;land;false;mountain;6
6546;29;143;1;land;false;forest;6
6547;47;195;1;land;false;urban;6
6548;78;158;1;land;false;forest;6
6549;78;217;1;land;false;urban;6
6550;201;130;1;land;false;forest;6
6551;233;117;1;land;false;forest;6
6552;20;84;1;land;false;urban;6
6553;13;134;1;land;false;forest;6
6554;227;126;1;land;true;forest;6
6555;190;111;1;land;true;forest;6
6556;102;254;1;land;false;urban;6
6557;95;247;1;land;false;forest;6
6558;35;253;1;land;false;forest;6
6559;65;210;1;land;false;forest;6
6560;70;245;1;land;false;forest;6
6561;35;250;1;land;false;forest;6
6562;36;213;1;land;false;forest;6
6563;55;197;1;land;false;forest;6
6564;26;213;1;land;false;forest;6
6565;19;160;1;land;false;urban;6
6566;15;38;1;land;false;forest;6
6567;69;32;1;land;false;forest;6
6568;48;12;1;land;false;urban;6
6569;47;12;1;land;false;forest;6
6570;105;143;1;land;false;plains;6
6571;95;167;1;land;false;mountain;6
6572;127;150;1;land;false;hills;6
6573;92;188;1;land;false;mountain;6
6574;160;167;1;land;false;hills;6
6575;161;204;1;land;false;mountain;6
6576;130;209;1;land;false;mountain;6
6577;92;215;1;land;false;hills;6
6578;146;152;1;land;false;mountain;6
6579;103;184;1;land;false;plains;6
6580;127;179;1;land;false;hills;6
6581;144;189;1;land;false;plains;6
6582;156;171;1;land;false;hills;6
6583;131;164;1;land;false;mountain;6
6584;114;153;1;land;false;plains;6
6585;103;177;1;land;false;plains;6
6586;162;181;1;land;false;mountain;6
6587;133;152;1;land;false;hills;6
6588;151;193;1;land;false;hills;6
6589;90;145;1;land;false;plains;6
6590;90;172;1;land;false;mountain;6
6591;94;214;1;land;false;mountain;6
6592;96;168;1;land;false;plains;6
6593;151;207;1;land;false;hills;6
6594;119;196;1;land;false;mountain;6
6595;88;138;1;land;false;hills;6
6596;154;168;1;land;false;mountain;6
6597;101;204;1;land;false;hills;6
6598;114;214;1;land;false;hills;6
6599;90;214;1;land;false;mountain;6
6600;158;169;1;land;false;plains;6
6601;99;189;1;land;false;plains;6
6602;212;130;1;land;false;forest;6
6603;177;155;1;land;false;forest;6
6604;224;42;1;land;false;forest;6
6605;190;45;1;land;true;forest;6
6606;206;29;1;land;false;forest;6
6607;218;0;1;land;false;forest;6
6608;34;140;1;land;false;forest;6
6609;32;124;1;land;false;urban;6
6610;13;156;1;land;false;forest;6
6611;81;156;1;land;false;forest;6
6612;104;116;1;land;false;plains;6
6613;133;139;1;land;false;forest;6
6614;144;136;1;land;false;forest;6
6615;143;130;1;land;true;forest;6
6616;107;244;1;land;false;forest;6
6617;86;219;1;land;false;forest;6
6618;162;238;1;land;false;forest;6
6619;148;233;1;land;false;forest;6
6620;160;222;1;land;false;urban;6
6621;191;94;1;land;false;forest;6
6622;219;130;1;land;false;forest;6
6623;240;94;1;land;false;forest;6
6624;228;134;1;land;false;forest;6
6625;199;223;1;land;false;forest;6
6626;245;217;1;land;false;forest;6
6627;33;168;1;land;false;forest;6
6628;54;233;1;land;false;forest;6
6629;72;177;1;land;false;forest;6
6630;63;178;1;land;false;forest;6
6631;8;238;1;land;false;forest;6
6632;63;242;1;land;false;forest;6
6633;246;169;1;land;true;forest;6
6634;237;207;1;land;true;forest;6
6635;249;197;1;land;true;forest;6
6636;234;215;1;land;true;forest;6
6637;140;148;1;land;true;forest;6
6638;132;178;1;land;false;forest;6
6639;191;159;1;land;false;urban;6
6640;157;152;1;land;false;forest;6
6641;171;138;1;land;false;urban;6
6642;27;192;1;land;false;urban;6
6643;63;21;1;land;false;forest;6
6644;90;38;1;land;false;urban;6
6645;60;9;1;land;false;forest;6
6646;79;8;1;land;false;forest;6
6647;65;168;1;land;true;forest;6
6648;47;137;1;land;false;urban;6
6649;97;123;1;land;false;urban;6
6650;180;4;1;land;true;forest;6
6651;151;24;1;land;true;forest;6
6652;179;20;1;land;true;forest;6
6653;179;53;1;land;true;urban;6
6654;202;211;1;land;false;forest;6
6655;238;212;1;land;false;forest;6
6656;54;76;1;land;false;forest;6
6657;73;20;1;land;false;forest;6
6658;45;56;1;land;false;forest;6
6659;175;180;1;land;false;forest;6
6660;142;167;1;land;false;forest;6
6661;118;185;1;land;false;forest;6
6662;165;63;1;land;false;forest;6
6663;201;62;1;land;false;forest;6
6664;202;11;1;land;false;urban;6
6665;176;70;1;land;false;forest;6
6666;177;122;1;land;false;forest;6
6667;208;93;1;land;false;urban;6
6668;234;142;1;land;true;urban;6
6669;212;168;1;land;true;plains;6
6670;233;133;1;land;false;forest;6
6671;222;138;1;land;true;plains;6
6672;221;128;1;land;true;forest;6
6673;240;150;1;land;true;urban;6
6674;25;220;1;land;true;forest;6
6675;33;219;1;land;false;urban;6
6676;27;238;1;land;false;forest;6
6677;209;173;1;land;false;plains;6
6678;208;155;1;land;false;hills;6
6679;179;137;1;land;false;hills;6
6680;145;165;1;land;false;mountain;6
6681;137;111;1;land;false;hills;6
6682;163;172;1;land;false;mountain;6
6683;146;115;1;land;false;hills;6
6684;163;104;1;land;false;hills;6
6685;196;171;1;land;false;hills;6
6686;169;103;1;land;false;mountain;6
6687;152;104;1;land;false;hills;6
6688;181;106;1;land;false;plains;6
6689;133;154;1;land;false;plains;6
6690;182;142;1;land;false;plains;6
6691;136;173;1;land;false;hills;6
6692;191;170;1;land;false;mountain;6
6693;201;126;1;land;false;hills;6
6694;153;124;1;land;false;plains;6
6695;131;159;1;land;false;hills;6
6696;203;105;1;land;false;mountain;6
6697;79;91;1;land;false;forest;6
6698;58;98;1;land;false;forest;6
6699;53;147;1;land;false;urban;6
6700;69;113;1;land;false;forest;6
6701;227;248;1;land;false;forest;6
6702;232;244;1;land;false;forest;6
6703;249;229;1;land;false;urban;6
6704;221;252;1;land;false;urban;6
6705;35;220;1;land;true;forest;6
6706;56;91;1;land;false;forest;6
6707;43;98;1;land;false;urban;6
6708;5;119;1;land;false;urban;6
6709;15;68;1;land;false;forest;6
6710;55;115;1;land;false;forest;6
6711;61;55;1;land;false;forest;6
6712;164;200;1;land;false;forest;6
6713;191;163;1;land;false;forest;6
6714;197;178;1;land;false;forest;6
6715;144;156;1;land;false;forest;6
6716;190;172;1;land;false;forest;6
6717;153;190;1;land;false;forest;6
6718;208;219;1;land;false;forest;6
6719;181;29;1;land;true;forest;6
6720;156;30;1;land;false;forest;6
6721;94;47;1;land;true;forest;6
6722;99;11;1;land;true;forest;6
6723;148;107;1;land;true;forest;6
6724;104;150;1;land;false;forest;6
6725;109;116;1;land;false;urban;6
6726;166;136;1;land;false;forest;6
6727;220;62;1;land;false;urban;6
6728;240;37;1;land;false;forest;6
6729;216;4;1;land;false;forest;6
6730;220;61;1;land;false;forest;6
6731;233;14;1;land;false;forest;6
6732;212;147;1;land;false;plains;6
6733;215;145;1;land;false;urban;6
6734;203;124;1;land;false;urban;6
6735;194;123;1;land;false;urban;6
6736;246;114;1;land;false;forest;6
6737;252;186;1;land;false;urban;6
6738;220;175;1;land;false;forest;6
6739;0;2;1;land;false;forest;6
6740;39;27;1;land;false;urban;6
6741;10;25;1;land;false;forest;6
6742;39;29;1;land;false;forest;6
6743;244;208;1;land;false;forest;6
6744;203;177;1;land;false;forest;6
6745;214;174;1;land;false;forest;6
6746;240;237;1;land;false;forest;6
6747;217;238;1;land;false;plains;6
6748;244;227;1;land;false;forest;6
6749;190;254;1;land;false;plains;6
6750;164;225;1;land;false;plains;6
6751;190;242;1;land;false;plains;6
6752;185;251;1;land;false;plains;6
6753;60;34;1;land;false;forest;6
6754;49;22;1;land;false;urban;6
6755;13;21;1;land;false;forest;6
6756;39;36;1;land;false;forest;6
6757;208;81;1;land;false;forest;6
6758;193;114;1;land;false;urban;6
6759;32;101;1;land;false;forest;6
6760;54;77;1;land;false;forest;6
6761;57;49;1;land;false;forest;6
6762;13;119;1;land;false;forest;6
6763;60;45;1;land;false;forest;6
6764;51;70;1;land;false;forest;6
6765;24;97;1;land;false;forest;6
6766;35;109;1;land;false;forest;6
6767;29;97;1;land;false;urban;6
6768;0;97;1;land;false;forest;6
6769;233;205;1;land;true;plains;6
6770;248;154;1;land;true;forest;6
6771;232;169;1;land;true;forest;6
6772;207;139;1;land;true;forest;6
6773;190;156;1;land;true;forest;6
6774;28;26;1;land;false;forest;6
6775;20;73;1;land;false;forest;6
6776;86;183;1;land;true;forest;6
6777;59;176;1;land;true;forest;6
6778;25;200;1;land;false;urban;6
6779;87;144;1;land;false;urban;6
6780;204;25;1;land;false;forest;6
6781;152;106;1;land;false;forest;6
6782;188;119;1;land;false;urban;6
6783;198;168;1;land;false;forest;6
6784;149;134;1;land;false;forest;6
6785;252;205;1;land;false;forest;6
6786;252;243;1;land;false;forest;6
6787;212;241;1;land;false;forest;6
6788;229;223;1;land;false;forest;6
6789;199;226;1;land;false;jungle;6
6790;42;185;1;land;false;forest;6
6791;50;211;1;land;false;forest;6
6792;49;177;1;land;false;hills;6
6793;55;167;1;land;false;hills;6
6794;30;168;1;land;false;forest;6
6795;35;212;1;land;false;hills;6
6796;52;146;1;land;false;forest;6
6797;55;157;1;land;false;forest;6
6798;82;181;1;land;false;forest;6
6799;170;43;1;land;false;forest;6
6800;174;64;1;land;false;urban;6
6801;133;71;1;land;false;urban;6
6802;142;19;1;land;false;urban;6
6803;146;61;1;land;false;forest;6
6804;191;14;1;land;false;forest;6
6805;167;154;1;land;true;forest;6
6806;130;248;1;land;false;urban;6
6807;116;226;1;land;false;forest;6
6808;138;220;1;land;true;urban;6
6809;137;248;1;land;false;forest;6
6810;117;228;1;land;true;urban;6
6811;174;200;1;land;false;urban;6
6812;110;234;1;land;false;urban;6
6813;208;218;1;land;false;forest;6
6814;164;197;1;land;false;urban;6
6815;218;125;1;land;false;forest;6
6816;214;109;1;land;false;forest;6
6817;171;205;1;land;false;forest;6
6818;173;250;1;land;false;hills;6
6819;221;201;1;land;false;forest;6
6820;160;248;1;land;false;hills;6
6821;34;105;1;land;false;plains;6
6822;31;61;1;land;false;forest;6
6823;24;62;1;land;false;urban;6
6824;14;66;1;land;false;forest;6
6825;48;206;1;land;true;forest;6
6826;38;155;1;land;false;mountain;6
6827;85;107;1;land;true;forest;6
6828;128;56;1;land;false;forest;6
6829;99;37;1;land;false;urban;6
6830;114;53;1;land;true;forest;6
6831;73;101;1;land;false;forest;6
6832;114;107;1;land;false;forest;6
6833;112;103;1;land;false;forest;6
6834;72;96;1;land;true;forest;6
6835;128;115;1;land;false;urban;6
6836;68;77;1;land;false;forest;6
6837;103;89;1;land;true;forest;6
6838;203;67;1;land;false;forest;6
6839;212;69;1;land;false;urban;6
6840;198;40;1;land;false;forest;6
6841;213;55;1;land;false;urban;6
6842;179;32;1;land;false;forest;6
6843;154;28;1;land;false;forest;6
6844;149;125;1;land;false;forest;6
6845;198;152;1;land;false;plains;6
6846;214;191;1;land;false;urban;6
6847;39;126;1;land;true;forest;6
6848;58;156;1;land;true;forest;6
6849;57;14;1;land;false;forest;6
6850;119;49;1;land;false;forest;6
6851;98;7;1;land;false;forest;6
6852;61;26;1;land;false;forest;6
6853;76;55;1;land;false;forest;6
6854;95;26;1;land;false;forest;6
6855;177;11;1;land;false;forest;6
6856;179;58;1;land;false;forest;6
6857;219;22;1;land;false;forest;6
6858;179;46;1;land;false;forest;6
6859;208;27;1;land;false;forest;6
6860;197;46;1;land;false;forest;6
6861;179;31;1;land;false;forest;6
6862;183;164;1;land;false;forest;6
6863;178;99;1;land;false;forest;6
6864;216;161;1;land;false;urban;6
6865;196;175;1;land;false;forest;6
6866;195;113;1;land;false;forest;6
6867;176;153;1;land;false;forest;6
6868;183;223;1;land;true;forest;6
6869;122;214;1;land;true;urban;6
6870;189;228;1;land;true;forest;6
6871;147;204;1;land;true;urban;6
6872;140;195;1;land;true;forest;6
6873;183;178;1;land;true;forest;6
6874;192;187;1;land;true;forest;6
6875;145;173;1;land;false;forest;6
6876;108;206;1;land;false;forest;6
6877;91;164;1;land;false;forest;6
6878;53;218;1;land;false;forest;6
6879;119;60;1;land;false;forest;6
6880;160;163;1;land;false;forest;6
6881;152;219;1;land;false;forest;6
6882;216;196;1;land;false;forest;6
6883;184;155;1;land;false;forest;6
6884;215;224;1;land;false;forest;6
6885;215;184;1;land;false;forest;6
6886;203;174;1;land;false;forest;6
6887;253;162;1;land;false;forest;6
6888;225;172;1;land;false;forest;6
6889;242;116;1;land;false;plains;6
6890;88;190;1;land;false;forest;6
6891;122;170;1;land;false;forest;6
6892;87;131;1;land;true;plains;6
6893;108;121;1;land;false;forest;6
6894;124;148;1;land;true;forest;6
6895;97;23;1;land;false;forest;6
6896;132;18;1;land;false;forest;6
6897;98;8;1;land;false;plains;6
6898;74;3;1;land;false;forest;6
6899;80;33;1;land;false;forest;6
6900;101;9;1;land;false;jungle;6
6901;81;27;1;land;false;forest;6
6902;101;18;1;land;false;forest;6
6903;1;104;1;land;false;forest;6
6904;43;159;1;land;false;urban;6
6905;47;97;1;land;false;urban;6
6906;47;210;1;land;false;forest;6
6907;4;211;1;land;false;urban;6
6908;24;209;1;land;false;urban;6
6909;32;225;1;land;false;forest;6
6910;15;226;1;land;false;forest;6
6911;11;240;1;land;true;forest;6
6912;48;229;1;land;false;forest;6
6913;12;236;1;land;true;forest;6
6914;231;253;1;land;false;forest;6
6915;193;245;1;land;false;urban;6
6916;223;221;1;land;false;urban;6
6917;245;234;1;land;false;forest;6
6918;118;206;1;land;false;forest;6
6919;92;230;1;land;false;urban;6
6920;89;251;1;land;false;forest;6
6921;98;202;1;land;false;urban;6
6922;51;122;1;land;false;forest;6
6923;4;78;1;land;false;forest;6
6924;35;92;1;land;false;forest;6
6925;37;117;1;land;false;forest;6
6926;100;82;1;land;false;forest;6
6927;136;94;1;land;false;forest;6
6928;170;104;1;land;false;forest;6
6929;162;70;1;land;false;urban;6
6930;114;227;1;land;true;hills;6
6931;181;174;1;land;true;hills;6
6932;126;191;1;land;true;hills;6
6933;56;65;1;land;false;mountain;6
6934;56;41;1;land;false;forest;6
6935;85;66;1;land;false;forest;6
6936;84;22;1;land;false;forest;6
6937;212;239;1;land;false;forest;6
6938;188;191;1;land;false;forest;6
6939;165;253;1;land;true;urban;6
6940;30;218;1;land;false;urban;6
6941;54;200;1;land;false;forest;6
6942;50;219;1;land;false;urban;6
6943;26;225;1;land;true;plains;6
6944;6;214;1;land;false;forest;6
6945;10;228;1;land;false;forest;6
6946;59;248;1;land;false;urban;6
6947;19;216;1;land;false;urban;6
6948;36;94;1;land;false;forest;6
6949;72;108;1;land;true;forest;6
6950;50;111;1;land;false;forest;6
6951;77;84;1;land;false;forest;6
6952;69;84;1;land;false;forest;6
6953;111;38;1;land;false;forest;6
6954;140;77;1;land;false;urban;6
6955;81;89;1;land;false;forest;6
6956;75;45;1;land;false;forest;6
6957;122;75;1;land;false;forest;6
6958;143;64;1;land;false;forest;6
6959;111;71;1;land;false;urban;6
6960;191;161;1;land;true;forest;6
6961;244;199;1;land;false;forest;6
6962;235;193;1;land;true;urban;6
6963;214;167;1;land;true;urban;6
6964;241;174;1;land;false;forest;6
6965;10;141;1;land;false;forest;6
6966;52;143;1;land;false;urban;6
6967;2;198;1;land;false;urban;6
6968;60;173;1;land;false;forest;6
6969;11;140;1;land;false;urban;6
6970;126;106;1;land;false;forest;6
6971;141;98;1;land;false;urban;6
6972;138;100;1;land;false;forest;6
6973;54;138;1;land;false;forest;6
6974;58;192;1;land;false;urban;6
6975;29;187;1;land;false;forest;6
6976;12;175;1;land;false;forest;6
6977;11;190;1;land;false;forest;6
6978;45;159;1;land;false;forest;6
6979;152;243;1;land;false;plains;6
6980;160;247;1;land;false;urban;6
6981;203;214;1;land;false;forest;6
6982;178;201;1;land;false;plains;6
6983;169;238;1;land;false;forest;6
6984;208;240;1;land;false;plains;6
6985;218;223;1;land;false;urban;6
6986;199;215;1;land;false;forest;6
6987;207;238;1;land;false;forest;6
6988;248;209;1;land;false;urban;6
6989;246;76;1;land;true;forest;6
6990;212;107;1;land;false;forest;6
6991;202;101;1;land;false;forest;6
6992;243;112;1;land;false;forest;6
6993;236;99;1;land;false;forest;6
6994;183;101;1;land;false;forest;6
6995;194;90;1;land;false;forest;6
6996;222;107;1;land;false;urban;6
6997;245;65;1;land;false;forest;6
6998;218;51;1;land;false;forest;6
6999;217;53;1;land;false;forest;6
7000;224;57;1;land;false;forest;6
7001;228;110;1;land;false;forest;6
7002;174;103;1;land;false;forest;6
7003;180;49;1;land;false;urban;6
7004;185;99;1;land;false;forest;6
7005;147;223;1;land;false;forest;6
7006;114;184;1;land;false;plains;6
7007;128;187;1;land;false;forest;6
7008;174;225;1;land;false;forest;6
7009;42;189;1;land;false;forest;6
7010;42;197;1;land;false;forest;6
7011;20;215;1;land;false;forest;6
7012;25;76;1;land;false;plains;6
7013;28;41;1;land;false;urban;6
7014;13;79;1;land;false;forest;6
7015;156;167;1;land;false;plains;6
7016;147;168;1;land;false;plains;6
7017;158;122;1;land;false;urban;6
7018;126;146;1;land;false;plains;6
7019;110;171;1;land;false;plains;6
7020;142;51;1;land;false;forest;6
7021;69;28;1;land;false;urban;6
7022;137;21;1;land;false;urban;6
7023;129;34;1;land;false;forest;6
7024;240;250;1;land;false;urban;6
7025;238;253;1;land;false;urban;6
7026;242;250;1;land;false;urban;6
7027;139;228;1;land;true;forest;6
7028;146;191;1;land;true;urban;6
7029;46;65;1;land;false;forest;6
7030;53;85;1;land;false;urban;6
7031;240;99;1;land;false;forest;6
7032;2;65;1;land;false;forest;6
7033;32;71;1;land;false;forest;6
7034;13;39;1;land;false;forest;6
7035;41;109;1;land;false;forest;6
7036;27;74;1;land;false;forest;6
7037;4;105;1;land;false;forest;6
7038;230;145;1;land;false;forest;6
7039;210;203;1;land;false;urban;6
7040;225;102;1;land;false;urban;6
7041;240;201;1;land;false;forest;6
7042;239;204;1;land;false;urban;6
7043;205;180;1;land;false;urban;6
7044;211;150;1;land;false;forest;6
7045;248;133;1;land;false;hills;6
7046;206;150;1;land;false;forest;6
7047;197;48;1;land;false;forest;6
7048;160;76;1;land;false;urban;6
7049;193;68;1;land;false;forest;6
7050;181;64;1;land;false;forest;6
7051;107;220;1;land;false;forest;6
7052;159;190;1;land;true;forest;6
7053;14;46;1;land;false;forest;6
7054;12;30;1;land;false;forest;6
7055;76;7;1;land;false;urban;6
7056;19;29;1;land;false;forest;6
7057;67;43;1;land;false;forest;6
7058;187;161;1;land;true;forest;6
7059;149;182;1;land;false;forest;6
7060;10;221;1;land;false;forest;6
7061;32;221;1;land;false;forest;6
7062;60;253;1;land;false;urban;6
7063;25;227;1;land;false;forest;6
7064;46;238;1;land;false;urban;6
7065;11;246;1;land;false;forest;6
7066;13;237;1;land;false;forest;6
7067;57;215;1;land;false;urban;6
7068;28;241;1;land;false;forest;6
7069;98;143;1;land;false;forest;6
7070;104;214;1;land;false;forest;6
7071;34;169;1;land;false;forest;6
7072;30;153;1;land;false;forest;6
7073;41;146;1;land;false;forest;6
7074;40;158;1;land;false;forest;6
7075;65;147;1;land;false;forest;6
7076;65;199;1;land;false;forest;6
7077;96;203;1;land;false;forest;6
7078;59;138;1;land;false;forest;6
7079;62;41;1;land;true;forest;6
7080;57;42;1;land;false;forest;6
7081;76;11;1;land;false;urban;6
7082;56;4;1;land;true;plains;6
7083;20;7;1;land;false;forest;6
7084;35;19;1;land;true;forest;6
7085;59;48;1;land;false;forest;6
7086;23;48;1;land;false;urban;6
7087;71;40;1;land;false;urban;6
7088;36;11;1;land;false;forest;6
7089;204;147;1;land;false;forest;6
7090;219;203;1;land;false;forest;6
7091;204;175;1;land;false;urban;6
7092;118;102;1;land;false;plains;6
7093;112;115;1;land;false;plains;6
7094;83;118;1;land;false;plains;6
7095;76;46;1;land;false;forest;6
7096;76;41;1;land;false;urban;6
7097;116;34;1;land;false;urban;6
7098;134;88;1;land;false;forest;6
7099;148;93;1;land;false;forest;6
7100;149;157;1;land;false;forest;6
7101;129;109;1;land;true;forest;6
7102;157;133;1;land;false;urban;6
7103;129;136;1;land;false;forest;6
7104;157;153;1;land;false;urban;6
7105;85;96;1;land;false;forest;6
7106;75;103;1;land;false;forest;6
7107;71;132;1;land;false;urban;6
7108;34;122;1;land;false;forest;6
7109;79;28;1;land;true;forest;6
7110;28;12;1;land;true;forest;6
7111;41;34;1;land;true;forest;6
7112;63;23;1;land;false;forest;6
7113;69;21;1;land;true;forest;6
7114;69;8;1;land;true;jungle;6
7115;92;21;1;land;true;forest;6
7116;45;11;1;land;true;forest;6
7117;48;11;1;land;false;jungle;6
7118;222;209;1;land;false;forest;6
7119;148;188;1;land;false;forest;6
7120;179;244;1;land;false;forest;6
7121;220;193;1;land;false;forest;6
7122;180;192;1;land;false;forest;6
7123;101;127;1;land;false;forest;6
7124;117;73;1;land;false;forest;6
7125;155;99;1;land;false;forest;6
7126;88;82;1;land;false;urban;6
7127;133;93;1;land;false;forest;6
7128;115;201;1;land;false;forest;6
7129;82;183;1;land;false;urban;6
7130;34;181;1;land;false;urban;6
7131;35;197;1;land;false;forest;6
7132;18;150;1;land;false;forest;6
7133;80;194;1;land;false;forest;6
7134;204;83;1;land;false;forest;6
7135;204;73;1;land;false;hills;6
7136;197;40;1;land;false;hills;6
7137;229;30;1;land;false;forest;6
7138;177;66;1;land;false;hills;6
7139;225;51;1;land;false;forest;6
7140;89;66;1;land;false;forest;6
7141;127;8;1;land;false;plains;6
7142;74;30;1;land;false;plains;6
7143;79;0;1;land;false;forest;6
7144;107;20;1;land;false;forest;6
7145;97;171;1;land;false;forest;6
7146;61;192;1;land;false;forest;6
7147;131;166;1;land;false;forest;6
7148;63;69;1;land;true;forest;6
7149;140;229;1;land;true;plains;6
7150;156;211;1;land;false;urban;6
7151;166;181;1;land;false;forest;6
7152;127;189;1;land;false;urban;6
7153;178;161;1;land;false;forest;6
7154;100;201;1;land;true;plains;6
7155;129;183;1;land;false;urban;6
7156;157;229;1;land;false;forest;6
7157;104;71;1;land;true;forest;6
7158;124;3;1;land;true;forest;6
7159;128;46;1;land;true;hills;6
7160;65;254;1;land;false;forest;6
7161;16;245;1;land;false;forest;6
7162;12;233;1;land;false;urban;6
7163;227;181;1;land;false;hills;6
7164;250;112;1;land;false;forest;6
7165;208;119;1;land;false;mountain;6
7166;221;125;1;land;false;hills;6
7167;225;135;1;land;false;hills;6
7168;208;178;1;land;false;forest;6
7169;249;142;1;land;false;forest;6
7170;196;158;1;land;false;hills;6
7171;250;111;1;land;false;hills;6
7172;204;107;1;land;false;mountain;6
7173;233;116;1;land;false;forest;6
7174;193;148;1;land;false;hills;6
7175;196;172;1;land;false;mountain;6
7176;199;157;1;land;false;hills;6
7177;237;110;1;land;false;hills;6
7178;254;148;1;land;false;hills;6
7179;213;241;1;land;false;forest;6
7180;178;206;1;land;false;urban;6
7181;168;230;1;land;false;urban;6
7182;160;205;1;land;false;forest;6
7183;172;235;1;land;false;forest;6
7184;231;206;1;land;false;plains;6
7185;204;223;1;land;false;plains;6
7186;236;197;1;land;false;forest;6
7187;216;246;1;land;false;forest;6
7188;216;132;1;land;false;jungle;6
7189;142;150;1;land;false;forest;6
7190;153;149;1;land;false;forest;6
7191;165;139;1;land;false;forest;6
7192;139;115;1;land;false;forest;6
7193;213;123;1;land;false;urban;6
7194;172;90;1;land;false;forest;6
7195;163;155;1;land;false;forest;6
7196;181;85;1;land;false;forest;6
7197;211;163;1;land;false;plains;6
7198;190;47;1;land;false;plains;6
7199;234;105;1;land;false;hills;6
7200;248;38;1;land;false;plains;6
7201;221;109;1;land;false;plains;6
7202;230;61;1;land;false;hills;6
7203;193;196;1;land;false;forest;6
7204;230;247;1;land;false;urban;6
7205;233;240;1;land;false;forest;6
7206;240;236;1;land;false;urban;6
7207;234;245;1;land;false;forest;6
7208;122;33;1;land;false;forest;6
7209;71;61;1;land;false;urban;6
7210;15;85;1;land;false;forest;6
7211;43;58;1;land;false;urban;6
7212;4;94;1;land;false;forest;6
7213;44;90;1;land;false;jungle;6
7214;226;165;1;land;true;forest;6
7215;33;232;1;land;false;forest;6
7216;54;229;1;land;false;forest;6
7217;10;240;1;land;false;forest;6
7218;72;227;1;land;false;forest;6
7219;19;240;1;land;false;forest;6
7220;243;225;1;land;false;hills;6
7221;89;161;1;land;false;forest;6
7222;87;204;1;land;false;forest;6
7223;42;186;1;land;false;urban;6
7224;63;162;1;land;false;forest;6
7225;42;159;1;land;false;forest;6
7226;58;193;1;land;false;urban;6
7227;57;177;1;land;false;forest;6
7228;72;194;1;land;false;forest;6
7229;65;229;1;land;false;plains;6
7230;63;218;1;land;false;urban;6
7231;59;184;1;land;false;forest;6
7232;96;173;1;land;false;forest;6
7233;114;162;1;land;false;forest;6
7234;45;80;1;land;false;forest;6
7235;74;83;1;land;true;forest;6
7236;100;96;1;land;true;forest;6
7237;41;97;1;land;false;forest;6
7238;36;86;1;land;true;urban;6
7239;240;195;1;land;false;forest;6
7240;213;218;1;land;false;forest;6
7241;237;219;1;land;false;forest;6
7242;17;37;1;land;false;urban;6
7243;34;48;1;land;true;urban;6
7244;42;96;1;land;true;plains;6
7245;16;69;1;land;true;forest;6
7246;47;47;1;land;true;forest;6
7247;43;87;1;land;false;forest;6
7248;173;59;1;land;true;forest;6
7249;150;30;1;land;true;forest;6
7250;148;14;1;land;false;urban;6
7251;160;57;1;land;false;forest;6
7252;120;0;1;land;false;forest;6
7253;51;27;1;land;false;forest;6
7254;50;14;1;land;true;forest;6
7255;97;50;1;land;false;forest;6
7256;98;21;1;land;false;forest;6
7257;72;43;1;land;true;forest;6
7258;37;10;1;land;false;forest;6
7259;136;24;1;land;false;forest;6
7260;160;43;1;land;false;forest;6
7261;181;63;1;land;false;plains;6
7262;188;28;1;land;false;urban;6
7263;178;31;1;land;false;forest;6
7264;167;50;1;land;false;plains;6
7265;156;114;1;land;false;forest;6
7266;171;160;1;land;false;urban;6
7267;115;157;1;land;false;forest;6
7268;120;158;1;land;false;forest;6
7269;50;6;1;land;false;plains;6
7270;51;58;1;land;false;plains;6
7271;47;23;1;land;false;plains;6
7272;84;13;1;land;false;plains;6
7273;232;218;1;land;false;mountain;6
7274;196;221;1;land;false;mountain;6
7275;242;217;1;land;false;mountain;6
7276;237;212;1;land;false;mountain;6
7277;219;237;1;land;false;mountain;6
7278;189;211;1;land;false;mountain;6
7279;231;222;1;land;false;mountain;6
7280;248;199;1;land;false;mountain;6
7281;228;208;1;land;false;mountain;6
7282;222;160;1;land;false;forest;6
7283;159;121;1;land;false;forest;6
7284;199;112;1;land;false;forest;6
7285;168;89;1;land;false;forest;6
7286;87;32;1;land;false;plains;6
7287;130;45;1;land;false;plains;6
7288;163;26;1;land;false;hills;6
7289;117;35;1;land;false;plains;6
7290;146;10;1;land;false;plains;6
7291;151;43;1;land;false;hills;6
7292;86;38;1;land;false;forest;6
7293;149;31;1;land;false;plains;6
7294;109;54;1;land;false;plains;6
7295;154;22;1;land;false;plains;6
7296;140;44;1;land;false;hills;6
7297;104;13;1;land;false;forest;6
7298;137;42;1;land;false;hills;6
7299;79;143;1;land;false;forest;6
7300;75;108;1;land;false;forest;6
7301;119;136;1;land;false;forest;6
7302;205;204;1;land;false;forest;6
7303;203;254;1;land;false;urban;6
7304;169;247;1;land;false;forest;6
7305;241;212;1;land;true;hills;6
7306;233;211;1;land;false;plains;6
7307;200;220;1;land;false;plains;6
7308;204;211;1;land;false;plains;6
7309;250;250;1;land;false;plains;6
7310;237;196;1;land;true;hills;6
7311;198;225;1;land;false;plains;6
7312;210;209;1;land;false;plains;6
7313;183;241;1;land;false;forest;6
7314;56;72;1;land;false;forest;6
7315;91;78;1;land;true;urban;6
7316;66;115;1;land;true;forest;6
7317;57;90;1;land;true;forest;6
7318;113;80;1;land;true;forest;6
7319;60;94;1;land;false;forest;6
7320;53;87;1;land;false;urban;6
7321;58;110;1;land;false;urban;6
7322;52;81;1;land;false;urban;6
7323;219;54;1;land;true;forest;6
7324;240;47;1;land;false;forest;6
7325;203;186;1;land;true;plains;6
7326;163;43;1;land;false;urban;6
7327;162;47;1;land;false;forest;6
7328;201;79;1;land;false;forest;6
7329;203;88;1;land;false;forest;6
7330;196;88;1;land;false;forest;6
7331;56;16;1;land;false;urban;6
7332;58;43;1;land;false;urban;6
7333;28;32;1;land;false;urban;6
7334;28;51;1;land;false;forest;6
7335;202;167;1;land;true;forest;6
7336;146;12;1;land;false;forest;6
7337;86;23;1;land;false;urban;6
7338;119;37;1;land;false;urban;6
7339;110;6;1;land;false;forest;6
7340;143;11;1;land;false;forest;6
7341;89;6;1;land;false;urban;6
7342;126;248;1;land;false;urban;6
7343;128;208;1;land;false;forest;6
7344;119;195;1;land;false;urban;6
7345;148;87;1;land;false;forest;6
7346;153;70;1;land;true;forest;6
7347;137;72;1;land;true;urban;6
7348;117;95;1;land;false;urban;6
7349;176;138;1;land;true;forest;6
7350;83;191;1;land;false;forest;6
7351;126;205;1;land;false;urban;6
7352;115;211;1;land;false;forest;6
7353;113;174;1;land;false;forest;6
7354;152;110;1;land;true;forest;6
7355;128;113;1;land;false;forest;6
7356;127;132;1;land;false;forest;6
7357;150;94;1;land;false;plains;6
7358;148;145;1;land;false;urban;6
7359;208;56;1;land;false;forest;6
7360;203;47;1;land;false;forest;6
7361;215;96;1;land;false;urban;6
7362;180;69;1;land;true;forest;6
7363;115;98;1;land;true;forest;6
7364;62;132;1;land;false;forest;6
7365;68;115;1;land;false;forest;6
7366;47;112;1;land;false;urban;6
7367;8;107;1;land;false;forest;6
7368;57;120;1;land;false;urban;6
7369;9;74;1;land;false;urban;6
7370;31;58;1;land;false;forest;6
7371;83;61;1;land;false;forest;6
7372;44;107;1;land;false;urban;6
7373;77;106;1;land;false;urban;6
7374;53;73;1;land;false;forest;6
7375;28;120;1;land;false;forest;6
7376;34;131;1;land;false;urban;6
7377;50;202;1;land;false;forest;6
7378;17;239;1;land;false;urban;6
7379;11;214;1;land;false;forest;6
7380;232;182;1;land;true;forest;6
7381;189;123;1;land;true;forest;6
7382;186;128;1;land;true;forest;6
7383;20;10;1;land;false;plains;6
7384;239;210;1;land;false;forest;6
7385;179;241;1;land;false;urban;6
7386;169;228;1;land;false;urban;6
7387;202;192;1;land;false;urban;6
7388;236;214;1;land;false;forest;6
7389;210;185;1;land;false;urban;6
7390;228;177;1;land;false;urban;6
7391;199;193;1;land;false;forest;6
7392;183;62;1;land;false;forest;6
7393;111;208;1;land;false;plains;6
7394;146;194;1;land;false;forest;6
7395;112;241;1;land;false;forest;6
7396;128;104;1;land;false;forest;6
7397;109;103;1;land;false;urban;6
7398;134;90;1;land;false;forest;6
7399;85;70;1;land;false;forest;6
7400;108;99;1;land;false;forest;6
7401;76;125;1;land;false;forest;6
7402;124;122;1;land;false;forest;6
7403;249;48;1;land;false;forest;6
7404;238;65;1;land;false;urban;6
7405;227;75;1;land;false;forest;6
7406;192;58;1;land;false;forest;6
7407;247;61;1;land;false;forest;6
7408;230;70;1;land;false;forest;6
7409;229;23;1;land;false;forest;6
7410;200;38;1;land;false;urban;6
7411;246;113;1;land;false;jungle;6
7412;229;178;1;land;false;jungle;6
7413;219;133;1;land;false;plains;6
7414;240;124;1;land;false;urban;6
7415;190;120;1;land;false;forest;6
7416;218;155;1;land;false;jungle;6
7417;193;122;1;land;false;jungle;6
7418;245;178;1;land;false;forest;6
7419;40;237;1;land;false;forest;6
7420;83;234;1;land;true;forest;6
7421;253;240;1;land;false;forest;6
7422;244;114;1;land;false;forest;6
7423;224;157;1;land;false;urban;6
7424;194;242;1;land;false;forest;6
7425;211;210;1;land;false;forest;6
7426;234;237;1;land;false;urban;6
7427;188;212;1;land;false;forest;6
7428;17;115;1;land;false;forest;6
7429;46;111;1;land;false;urban;6
7430;37;205;1;land;false;forest;6
7431;48;236;1;land;false;forest;6
7432;14;218;1;land;false;forest;6
7433;15;228;1;land;false;forest;6
7434;8;234;1;land;false;forest;6
7435;1;254;1;land;false;forest;6
7436;5;195;1;land;false;forest;6
7437;5;232;1;land;false;forest;6
7438;31;251;1;land;false;forest;6
7439;25;199;1;land;false;urban;6
7440;49;211;1;land;false;forest;6
7441;31;157;1;land;false;forest;6
7442;44;217;1;land;false;plains;6
7443;254;114;1;land;false;forest;6
7444;209;59;1;land;false;urban;6
7445;215;62;1;land;false;forest;6
7446;236;103;1;land;false;forest;6
7447;226;39;1;land;false;forest;6
7448;13;161;1;land;false;forest;6
7449;53;173;1;land;false;forest;6
7450;3;148;1;land;false;forest;6
7451;51;143;1;land;false;forest;6
7452;43;247;1;land;false;forest;6
7453;73;232;1;land;false;urban;6
7454;190;208;1;land;true;forest;6
7455;248;224;1;land;false;urban;6
7456;222;225;1;land;true;forest;6
7457;205;233;1;land;true;plains;6
7458;200;202;1;land;false;forest;6
7459;188;147;1;land;false;forest;6
7460;83;186;1;land;false;forest;6
7461;140;190;1;land;false;forest;6
7462;66;215;1;land;false;forest;6
7463;116;187;1;land;false;forest;6
7464;107;168;1;land;false;forest;6
7465;142;229;1;land;false;forest;6
7466;70;179;1;land;false;forest;6
7467;105;119;1;land;false;plains;6
7468;51;74;1;land;true;urban;6
7469;124;99;1;land;true;urban;6
7470;69;68;1;land;false;forest;6
7471;124;94;1;land;false;plains;6
7472;122;127;1;land;true;forest;6
7473;5;248;1;land;false;hills;6
7474;42;204;1;land;false;plains;6
7475;27;223;1;land;false;plains;6
7476;52;215;1;land;false;plains;6
7477;43;233;1;land;false;hills;6
7478;19;215;1;land;false;plains;6
7479;48;205;1;land;false;plains;6
7480;218;106;1;land;false;forest;6
7481;223;74;1;land;false;urban;6
7482;215;78;1;land;false;urban;6
7483;225;101;1;land;false;urban;6
7484;252;118;1;land;false;urban;6
7485;240;64;1;land;false;forest;6
7486;228;51;1;land;false;urban;6
7487;228;118;1;land;false;urban;6
7488;237;51;1;land;false;urban;6
7489;248;95;1;land;false;urban;6
7490;175;208;1;land;false;plains;6
7491;113;170;1;land;false;urban;6
7492;184;214;1;land;false;urban;6
7493;167;190;1;land;false;plains;6
7494;118;43;1;land;false;forest;6
7495;148;41;1;land;false;urban;6
7496;104;41;1;land;false;forest;6
7497;48;105;1;land;false;forest;6
7498;17;33;1;land;false;forest;6
7499;15;79;1;land;false;forest;6
7500;15;82;1;land;false;forest;6
7501;157;19;1;land;false;forest;6
7502;149;61;1;land;false;forest;6
7503;148;7;1;land;false;plains;6
7504;150;34;1;land;false;forest;6
7505;147;67;1;land;false;forest;6
7506;221;132;1;land;false;forest;6
7507;39;85;1;land;false;forest;6
7508;43;88;1;land;false;forest;6
7509;70;96;1;land;true;mountain;6
7510;109;142;1;land;false;hills;6
7511;39;142;1;land;false;mountain;6
7512;58;123;1;land;true;mountain;6
7513;80;126;1;land;true;mountain;6
7514;48;76;1;land;true;hills;6
7515;101;73;1;land;true;forest;6
7516;45;114;1;land;true;forest;6
7517;56;128;1;land;true;forest;6
7518;76;89;1;land;true;mountain;6
7519;111;139;1;land;true;plains;6
7520;73;126;1;land;false;mountain;6
7521;115;68;1;land;false;mountain;6
7522;117;70;1;land;true;mountain;6
7523;42;90;1;land;false;mountain;6
7524;110;167;1;land;false;forest;6
7525;83;159;1;land;false;urban;6
7526;84;193;1;land;false;urban;6
7527;91;181;1;land;false;forest;6
7528;33;194;1;land;false;forest;6
7529;99;193;1;land;false;forest;6
7530;73;218;1;land;false;urban;6
7531;53;179;1;land;false;forest;6
7532;33;224;1;land;false;forest;6
7533;217;222;1;land;false;urban;6
7534;250;218;1;land;false;forest;6
7535;39;134;1;land;false;forest;6
7536;31;166;1;land;true;forest;6
7537;17;161;1;land;true;plains;6
7538;44;112;1;land;true;urban;6
7539;5;129;1;land;false;forest;6
7540;85;124;1;land;false;forest;6
7541;77;93;1;land;false;urban;6
7542;38;90;1;land;false;urban;6
7543;29;76;1;land;false;urban;6
7544;21;71;1;land;false;urban;6
7545;57;79;1;land;false;forest;6
7546;39;124;1;land;false;forest;6
7547;185;246;1;land;false;forest;6
7548;191;200;1;land;false;forest;6
7549;152;246;1;land;false;urban;6
7550;156;234;1;land;false;urban;6
7551;219;94;1;land;false;urban;6
7552;20;50;1;land;false;forest;6
7553;104;5;1;land;false;forest;6
7554;148;66;1;land;false;hills;6
7555;27;150;1;land;false;forest;6
7556;40;148;1;land;false;forest;6
7557;39;146;1;land;false;urban;6
7558;57;157;1;land;false;forest;6
7559;42;170;1;land;false;forest;6
7560;89;87;1;land;false;forest;6
7561;94;109;1;land;false;forest;6
7562;40;70;1;land;false;urban;6
7563;39;79;1;land;false;forest;6
7564;91;112;1;land;false;forest;6
7565;34;101;1;land;false;urban;6
7566;30;69;1;land;false;forest;6
7567;51;92;1;land;false;forest;6
7568;76;101;1;land;false;forest;6
7569;88;101;1;land;false;urban;6
7570;79;40;1;land;true;forest;6
7571;81;158;1;land;false;forest;6
7572;113;220;1;land;false;forest;6
7573;136;193;1;land;false;forest;6
7574;68;166;1;land;false;urban;6
7575;80;8;1;land;false;forest;6
7576;124;15;1;land;false;urban;6
7577;55;36;1;land;false;forest;6
7578;123;30;1;land;false;urban;6
7579;79;46;1;land;false;urban;6
7580;64;36;1;land;false;forest;6
7581;99;51;1;land;false;forest;6
7582;73;26;1;land;false;forest;6
7583;69;35;1;land;false;plains;6
7584;74;51;1;land;false;forest;6
7585;113;25;1;land;false;urban;6
7586;199;192;1;land;false;forest;6
7587;46;112;1;land;false;forest;6
7588;15;86;1;land;true;urban;6
7589;26;85;1;land;false;urban;6
7590;64;6;1;land;false;forest;6
7591;75;16;1;land;false;plains;6
7592;28;16;1;land;false;forest;6
7593;45;34;1;land;false;plains;6
7594;13;9;1;land;false;plains;6
7595;76;34;1;land;false;plains;6
7596;156;175;1;land;false;forest;6
7597;94;198;1;land;true;plains;6
7598;82;189;1;land;true;plains;6
7599;5;57;1;land;false;forest;6
7600;38;3;1;land;false;forest;6
7601;29;7;1;land;false;urban;6
7602;17;21;1;land;false;forest;6
7603;26;8;1;land;false;plains;6
7604;56;188;1;land;false;plains;6
7605;71;194;1;land;false;plains;6
7606;89;176;1;land;false;plains;6
7607;194;18;1;land;false;forest;6
7608;213;13;1;land;false;forest;6
7609;241;1;1;land;false;forest;6
7610;191;36;1;land;true;forest;6
7611;186;138;1;land;false;forest;6
7612;222;87;1;land;true;urban;6
7613;230;97;1;land;true;forest;6
7614;170;111;1;land;false;forest;6
7615;198;130;1;land;true;forest;6
7616;248;157;1;land;false;forest;6
7617;223;93;1;land;false;forest;6
7618;188;113;1;land;true;forest;6
7619;185;121;1;land;true;forest;6
7620;190;160;1;land;true;forest;6
7621;207;101;1;land;false;forest;6
7622;128;244;1;land;false;forest;6
7623;84;237;1;land;false;forest;6
7624;91;245;1;land;false;forest;6
7625;111;240;1;land;false;forest;6
7626;58;211;1;land;false;forest;6
7627;124;82;1;land;false;forest;6
7628;107;138;1;land;false;forest;6
7629;156;117;1;land;false;forest;6
7630;96;138;1;land;false;forest;6
7631;148;79;1;land;false;urban;6
7632;31;236;1;land;false;forest;6
7633;3;254;1;land;false;forest;6
7634;19;252;1;land;false;jungle;6
7635;9;252;1;land;false;jungle;6
7636;38;238;1;land;false;urban;6
7637;16;229;1;land;false;forest;6
7638;0;240;1;land;false;plains;6
7639;225;57;1;land;false;forest;6
7640;225;56;1;land;false;urban;6
7641;182;70;1;land;false;forest;6
7642;147;106;1;land;false;forest;6
7643;166;72;1;land;false;forest;6
7644;189;142;1;land;false;forest;6
7645;177;134;1;land;false;urban;6
7646;58;208;1;land;true;forest;6
7647;65;202;1;land;false;urban;6
7648;28;168;1;land;false;forest;6
7649;7;216;1;land;true;forest;6
7650;176;57;1;land;true;forest;6
7651;233;32;1;land;false;urban;6
7652;225;47;1;land;true;forest;6
7653;238;58;1;land;true;forest;6
7654;189;33;1;land;true;forest;6
7655;113;164;1;land;true;forest;6
7656;155;117;1;land;true;forest;6
7657;154;166;1;land;true;forest;6
7658;53;20;1;land;false;plains;6
7659;67;0;1;land;false;plains;6
7660;169;138;1;land;false;forest;6
7661;155;108;1;land;false;forest;6
7662;172;105;1;land;false;forest;6
7663;183;135;1;land;false;forest;6
7664;176;58;1;land;false;forest;6
7665;239;1;1;land;false;urban;6
7666;237;28;1;land;false;forest;6
7667;189;4;1;land;false;forest;6
7668;240;59;1;land;false;urban;6
7669;110;152;1;land;false;forest;6
7670;88;127;1;land;false;forest;6
7671;74;84;1;land;false;forest;6
7672;5;65;1;land;false;forest;6
7673;2;68;1;land;false;urban;6
7674;34;71;1;land;false;plains;6
7675;2;77;1;land;false;forest;6
7676;13;122;1;land;false;forest;6
7677;16;70;1;land;false;urban;6
7678;18;60;1;land;false;urban;6
7679;37;84;1;land;false;forest;6
7680;175;16;1;land;false;plains;6
7681;132;33;1;land;false;hills;6
7682;156;85;1;land;false;hills;6
7683;152;84;1;land;false;forest;6
7684;135;66;1;land;false;plains;6
7685;44;63;1;land;false;forest;6
7686;64;61;1;land;false;forest;6
7687;49;19;1;land;false;urban;6
7688;38;53;1;land;false;urban;6
7689;50;64;1;land;false;forest;6
7690;47;55;1;land;false;forest;6
7691;56;2;1;land;false;forest;6
7692;82;80;1;land;false;forest;6
7693;233;115;1;land;false;forest;6
7694;204;167;1;land;false;forest;6
7695;133;37;1;land;false;forest;6
7696;109;37;1;land;false;forest;6
7697;236;229;1;land;false;mountain;6
7698;212;247;1;land;false;urban;6
7699;253;226;1;land;false;hills;6
7700;251;223;1;land;false;forest;6
7701;249;216;1;land;false;mountain;6
7702;222;219;1;land;false;forest;6
7703;212;224;1;land;false;forest;6
7704;217;220;1;land;false;mountain;6
7705;212;222;1;land;false;mountain;6
7706;246;240;1;land;false;forest;6
7707;42;126;1;land;false;forest;6
7708;56;145;1;land;false;forest;6
7709;20;128;1;land;false;urban;6
7710;4;155;1;land;false;forest;6
7711;123;252;1;land;false;forest;6
7712;153;217;1;land;false;urban;6
7713;156;254;1;land;false;forest;6
7714;131;220;1;land;false;forest;6
7715;226;227;1;land;false;forest;6
7716;191;203;1;land;true;forest;6
7717;194;214;1;land;true;urban;6
7718;190;192;1;land;false;forest;6
7719;180;234;1;land;true;forest;6
7720;183;234;1;land;false;forest;6
7721;200;248;1;land;false;urban;6
7722;220;202;1;land;true;forest;6
7723;170;219;1;land;false;forest;6
7724;220;215;1;land;true;urban;6
7725;98;212;1;land;false;forest;6
7726;77;250;1;land;false;forest;6
7727;118;239;1;land;false;forest;6
7728;121;224;1;land;false;forest;6
7729;66;224;1;land;false;forest;6
7730;45;216;1;land;false;forest;6
7731;53;237;1;land;false;forest;6
7732;117;223;1;land;false;forest;6
7733;217;242;1;land;false;forest;6
7734;234;217;1;land;false;forest;6
7735;240;247;1;land;false;urban;6
7736;239;232;1;land;false;forest;6
7737;213;237;1;land;false;forest;6
7738;240;220;1;land;false;forest;6
7739;246;207;1;land;false;forest;6
7740;229;218;1;land;false;urban;6
7741;235;224;1;land;false;forest;6
7742;16;228;1;land;false;forest;6
7743;86;46;1;land;false;forest;6
7744;65;21;1;land;false;urban;6
7745;90;5;1;land;false;forest;6
7746;54;33;1;land;false;forest;6
7747;109;207;1;land;false;forest;6
7748;78;156;1;land;false;urban;6
7749;89;199;1;land;false;urban;6
7750;93;170;1;land;false;forest;6
7751;86;190;1;land;false;forest;6
7752;161;159;1;land;false;forest;6
7753;113;176;1;land;false;forest;6
7754;128;180;1;land;false;forest;6
7755;157;145;1;land;false;urban;6
7756;168;197;1;land;false;forest;6
7757;110;195;1;land;false;forest;6
7758;46;50;1;land;false;forest;6
7759;54;52;1;land;false;forest;6
7760;13;57;1;land;false;forest;6
7761;36;23;1;land;false;forest;6
7762;55;10;1;land;false;forest;6
7763;30;20;1;land;false;forest;6
7764;3;27;1;land;false;forest;6
7765;111;106;1;land;false;forest;6
7766;36;154;1;land;false;plains;6
7767;7;150;1;land;false;hills;6
7768;31;177;1;land;false;hills;6
7769;31;125;1;land;false;plains;6
7770;3;174;1;land;false;plains;6
7771;21;194;1;land;false;plains;6
7772;37;230;1;land;true;mountain;6
7773;41;230;1;land;false;mountain;6
7774;34;238;1;land;false;mountain;6
7775;14;241;1;land;true;plains;6
7776;146;49;1;land;false;forest;6
7777;211;10;1;land;false;urban;6
7778;195;2;1;land;false;forest;6
7779;166;53;1;land;false;forest;6
7780;170;12;1;land;false;urban;6
7781;44;139;1;land;false;forest;6
7782;82;88;1;land;false;plains;6
7783;92;84;1;land;true;plains;6
7784;74;121;1;land;false;forest;6
7785;71;109;1;land;false;plains;6
7786;79;93;1;land;false;urban;6
7787;196;205;1;land;false;plains;6
7788;231;197;1;land;false;plains;6
7789;250;231;1;land;false;plains;6
7790;229;195;1;land;false;urban;6
7791;141;127;1;land;false;forest;6
7792;126;92;1;land;false;forest;6
7793;229;107;1;land;false;forest;6
7794;235;85;1;land;false;forest;6
7795;244;28;1;land;false;forest;6
7796;200;50;1;land;false;hills;6
7797;245;99;1;land;false;urban;6
7798;222;98;1;land;false;forest;6
7799;152;52;1;land;false;forest;6
7800;35;156;1;land;false;forest;6
7801;56;143;1;land;false;urban;6
7802;33;170;1;land;false;urban;6
7803;2;174;1;land;false;forest;6
7804;247;91;1;land;true;forest;6
7805;131;185;1;land;false;forest;6
7806;130;190;1;land;false;forest;6
7807;109;186;1;land;false;forest;6
7808;160;206;1;land;false;forest;6
7809;107;213;1;land;false;forest;6
7810;95;198;1;land;false;forest;6
7811;119;192;1;land;false;forest;6
7812;147;240;1;land;false;forest;6
7813;143;242;1;land;false;forest;6
7814;86;91;1;land;false;forest;6
7815;159;50;1;land;false;forest;6
7816;154;78;1;land;false;forest;6
7817;108;71;1;land;false;forest;6
7818;133;122;1;land;false;urban;6
7819;140;80;1;land;false;forest;6
7820;112;54;1;land;false;forest;6
7821;140;81;1;land;false;forest;6
7822;153;113;1;land;false;forest;6
7823;37;42;1;land;false;forest;6
7824;68;103;1;land;false;urban;6
7825;59;113;1;land;false;urban;6
7826;2;79;1;land;false;urban;6
7827;66;106;1;land;false;urban;6
7828;57;80;1;land;false;forest;6
7829;37;118;1;land;false;forest;6
7830;10;45;1;land;false;urban;6
7831;45;119;1;land;false;plains;6
7832;29;108;1;land;false;forest;6
7833;72;53;1;land;false;forest;6
7834;198;251;1;land;false;forest;6
7835;142;179;1;land;false;urban;6
7836;170;214;1;land;false;forest;6
7837;155;215;1;land;false;forest;6
7838;135;239;1;land;false;urban;6
7839;187;76;1;land;false;forest;6
7840;169;4;1;land;false;forest;6
7841;254;181;1;land;false;forest;6
7842;230;147;1;land;false;forest;6
7843;245;102;1;land;false;forest;6
7844;113;188;1;land;false;forest;6
7845;101;233;1;land;false;forest;6
7846;100;180;1;land;false;forest;6
7847;124;161;1;land;false;forest;6
7848;92;192;1;land;true;forest;6
7849;125;183;1;land;false;forest;6
7850;81;164;1;land;false;urban;6
7851;132;200;1;land;false;forest;6
7852;129;214;1;land;false;forest;6
7853;244;145;1;land;true;hills;6
7854;216;171;1;land;true;forest;6
7855;224;160;1;land;true;forest;6
7856;247;133;1;land;true;forest;6
7857;235;150;1;land;true;plains;6
7858;253;132;1;land;true;forest;6
7859;222;121;1;land;true;forest;6
7860;195;54;1;land;false;forest;6
7861;167;12;1;land;false;urban;6
7862;168;41;1;land;false;forest;6
7863;131;3;1;land;false;forest;6
7864;124;23;1;land;false;urban;6
7865;189;29;1;land;false;forest;6
7866;171;45;1;land;false;urban;6
7867;209;188;1;land;false;plains;6
7868;199;186;1;land;true;forest;6
7869;215;228;1;land;true;forest;6
7870;208;244;1;land;true;forest;6
7871;217;216;1;land;false;jungle;6
7872;199;237;1;land;true;urban;6
7873;168;235;1;land;false;forest;6
7874;240;193;1;land;false;jungle;6
7875;229;209;1;land;false;forest;6
7876;239;220;1;land;true;forest;6
7877;244;212;1;land;true;forest;6
7878;168;231;1;land;false;plains;6
7879;245;225;1;land;false;forest;6
7880;184;210;1;land;true;forest;6
7881;220;188;1;land;false;jungle;6
7882;212;225;1;land;true;plains;6
7883;126;66;1;land;false;forest;6
7884;64;107;1;land;false;urban;6
7885;106;112;1;land;true;urban;6
7886;116;105;1;land;false;forest;6
7887;90;100;1;land;false;urban;6
7888;114;18;1;land;false;forest;6
7889;84;4;1;land;false;forest;6
7890;141;34;1;land;false;forest;6
7891;99;22;1;land;false;urban;6
7892;132;11;1;land;false;forest;6
7893;136;152;1;land;false;forest;6
7894;169;193;1;land;false;urban;6
7895;149;180;1;land;false;forest;6
7896;116;213;1;land;false;forest;6
7897;16;143;1;land;false;urban;6
7898;78;183;1;land;false;forest;6
7899;222;147;1;land;false;forest;6
7900;210;116;1;land;false;urban;6
7901;153;137;1;land;false;forest;6
7902;164;128;1;land;false;forest;6
7903;185;124;1;land;false;forest;6
7904;214;98;1;land;false;forest;6
7905;213;39;1;land;false;forest;6
7906;243;19;1;land;false;forest;6
7907;245;9;1;land;false;urban;6
7908;248;39;1;land;false;forest;6
7909;213;35;1;land;false;forest;6
7910;58;246;1;land;false;forest;6
7911;51;244;1;land;false;urban;6
7912;26;224;1;land;false;forest;6
7913;49;222;1;land;false;plains;6
7914;197;206;1;land;true;forest;6
7915;158;205;1;land;false;forest;6
7916;137;206;1;land;false;forest;6
7917;183;210;1;land;false;forest;6
7918;179;188;1;land;true;forest;6
7919;149;244;1;land;true;forest;6
7920;160;220;1;land;false;forest;6
7921;200;217;1;land;false;forest;6
7922;124;188;1;land;true;forest;6
7923;177;229;1;land;true;forest;6
7924;178;229;1;land;false;forest;6
7925;180;238;1;land;true;forest;6
7926;174;221;1;land;false;forest;6
7927;170;115;1;land;false;forest;6
7928;210;123;1;land;false;urban;6
7929;173;95;1;land;false;urban;6
7930;171;97;1;land;false;forest;6
7931;146;83;1;land;false;forest;6
7932;172;107;1;land;false;forest;6
7933;195;104;1;land;false;forest;6
7934;162;143;1;land;false;forest;6
7935;239;86;1;land;false;forest;6
7936;223;47;1;land;false;forest;6
7937;237;77;1;land;false;jungle;6
7938;251;67;1;land;false;forest;6
7939;219;29;1;land;false;forest;6
7940;250;23;1;land;false;forest;6
7941;214;62;1;land;false;urban;6
7942;206;76;1;land;false;forest;6
7943;9;73;1;land;false;forest;6
7944;5;84;1;land;false;urban;6
7945;12;89;1;land;false;forest;6
7946;34;73;1;land;false;forest;6
7947;22;91;1;land;false;forest;6
7948;35;74;1;land;false;forest;6
7949;4;44;1;land;false;forest;6
7950;146;18;1;land;false;forest;6
7951;220;77;1;land;false;urban;6
7952;61;193;1;land;true;plains;6
7953;29;207;1;land;true;forest;6
7954;97;205;1;land;true;plains;6
7955;23;38;1;land;false;forest;6
7956;63;20;1;land;true;forest;6
7957;36;7;1;land;false;forest;6
7958;68;3;1;land;false;forest;6
7959;57;23;1;land;false;forest;6
7960;30;41;1;land;false;forest;6
7961;66;8;1;land;false;urban;6
7962;166;162;1;land;false;forest;6
7963;185;110;1;land;false;forest;6
7964;239;103;1;land;false;forest;6
7965;230;221;1;land;false;urban;6
7966;148;227;1;land;false;forest;6
7967;184;236;1;land;false;urban;6
7968;150;216;1;land;false;urban;6
7969;95;43;1;land;false;forest;6
7970;70;69;1;land;false;urban;6
7971;77;46;1;land;false;urban;6
7972;90;15;1;land;false;forest;6
7973;97;15;1;land;false;forest;6
7974;210;24;1;land;false;forest;6
7975;209;34;1;land;false;urban;6
7976;222;12;1;land;false;urban;6
7977;249;24;1;land;false;forest;6
7978;239;6;1;land;false;forest;6
7979;219;25;1;land;false;urban;6
7980;250;18;1;land;false;forest;6
7981;201;13;1;land;false;urban;6
7982;237;30;1;land;false;forest;6
7983;146;140;1;land;false;forest;6
7984;102;73;1;land;false;urban;6
7985;14;113;1;land;false;mountain;6
7986;30;116;1;land;false;hills;6
7987;58;181;1;land;false;mountain;6
7988;16;117;1;land;false;mountain;6
7989;65;120;1;land;false;hills;6
7990;43;121;1;land;false;mountain;6
7991;22;182;1;land;true;forest;6
7992;43;178;1;land;true;forest;6
7993;69;123;1;land;true;forest;6
7994;10;139;1;land;false;forest;6
7995;17;140;1;land;true;forest;6
7996;179;242;1;land;true;forest;6
7997;168;243;1;land;true;forest;6
7998;197;241;1;land;true;forest;6
7999;201;243;1;land;true;forest;6
8000;176;197;1;land;false;forest;6
8001;210;230;1;land;true;forest;6
8002;168;217;1;land;true;forest;6
8003;174;99;1;land;false;forest;6
8004;214;145;1;land;false;forest;6
8005;180;132;1;land;false;forest;6
8006;77;2;1;land;true;forest;6
8007;78;51;1;land;false;urban;6
8008;125;42;1;land;true;forest;6
8009;62;16;1;land;true;forest;6
8010;88;22;1;land;true;forest;6
8011;116;71;1;land;false;forest;6
8012;111;101;1;land;false;urban;6
8013;104;100;1;land;false;plains;6
8014;95;64;1;land;false;forest;6
8015;226;254;1;land;false;forest;6
8016;232;216;1;land;false;urban;6
8017;252;221;1;land;false;urban;6
8018;235;232;1;land;false;urban;6
8019;228;230;1;land;false;urban;6
8020;182;208;1;land;false;forest;6
8021;222;198;1;land;false;forest;6
8022;181;249;1;land;false;forest;6
8023;222;103;1;land;true;forest;6
8024;217;164;1;land;true;forest;6
8025;242;114;1;land;true;forest;6
8026;179;28;1;land;false;mountain;6
8027;163;78;1;land;true;hills;6
8028;201;2;1;land;true;hills;6
8029;212;27;1;land;false;hills;6
8030;183;48;1;land;false;forest;6
8031;185;55;1;land;true;hills;6
8032;158;69;1;land;false;hills;6
8033;240;104;1;land;false;forest;6
8034;209;89;1;land;false;forest;6
8035;213;53;1;land;false;forest;6
8036;253;104;1;land;false;forest;6
8037;252;100;1;land;false;forest;6
8038;184;148;1;land;false;forest;6
8039;71;244;1;land;false;forest;6
8040;73;207;1;land;false;urban;6
8041;44;236;1;land;false;forest;6
8042;206;160;1;land;false;forest;6
8043;242;112;1;land;false;urban;6
8044;217;166;1;land;false;forest;6
8045;240;126;1;land;false;forest;6
8046;225;142;1;land;false;forest;6
8047;224;11;1;land;false;forest;6
8048;220;174;1;land;false;forest;6
8049;172;132;1;land;false;urban;6
8050;212;149;1;land;false;forest;6
8051;203;133;1;land;false;urban;6
8052;229;124;1;land;false;urban;6
8053;219;169;1;land;false;urban;6
8054;179;173;1;land;false;forest;6
8055;35;3;1;land;false;forest;6
8056;30;14;1;land;false;forest;6
8057;80;151;1;land;false;forest;6
8058;148;187;1;land;false;urban;6
8059;91;172;1;land;false;forest;6
8060;96;224;1;land;true;forest;6
8061;84;175;1;land;false;urban;6
8062;101;236;1;land;true;urban;6
8063;64;248;1;land;false;forest;6
8064;105;206;1;land;false;urban;6
8065;101;176;1;land;false;forest;6
8066;65;224;1;land;false;urban;6
8067;80;236;1;land;false;forest;6
8068;116;177;1;land;false;forest;6
8069;113;226;1;land;false;forest;6
8070;30;155;1;land;false;forest;6
8071;88;142;1;land;false;urban;6
8072;24;130;1;land;false;urban;6
8073;71;115;1;land;false;urban;6
8074;49;145;1;land;false;forest;6
8075;17;254;1;land;false;forest;6
8076;5;218;1;land;false;forest;6
8077;39;243;1;land;false;forest;6
8078;43;215;1;land;false;urban;6
8079;4;209;1;land;true;forest;6
8080;36;241;1;land;false;forest;6
8081;26;252;1;land;false;forest;6
8082;69;207;1;land;false;urban;6
8083;52;238;1;land;false;urban;6
8084;110;108;1;land;false;forest;6
8085;126;77;1;land;false;forest;6
8086;123;118;1;land;false;forest;6
8087;55;88;1;land;false;forest;6
8088;51;106;1;land;false;urban;6
8089;105;81;1;land;false;forest;6
8090;114;91;1;land;false;forest;6
8091;106;134;1;land;false;forest;6
8092;85;134;1;land;false;urban;6
8093;110;90;1;land;false;forest;6
8094;98;222;1;land;true;plains;6
8095;80;244;1;land;false;forest;6
8096;143;41;1;land;true;forest;6
8097;80;193;1;land;false;forest;6
8098;87;195;1;land;false;forest;6
8099;76;165;1;land;true;plains;6
8100;93;134;1;land;false;forest;6
8101;107;137;1;land;false;forest;6
8102;71;153;1;land;false;forest;6
8103;39;143;1;land;false;forest;6
8104;104;134;1;land;true;forest;6
8105;133;136;1;land;true;forest;6
8106;235;65;1;land;false;urban;5
8107;230;22;1;land;false;forest;5
8108;245;49;1;land;false;forest;5
8109;248;19;1;land;false;urban;5
8110;251;51;1;land;false;forest;5
8111;234;44;1;land;false;forest;5
8112;238;0;1;land;false;forest;5
8113;39;144;1;land;false;forest;5
8114;75;106;1;land;true;forest;5
8115;85;108;1;land;false;urban;5
8116;35;135;1;land;false;forest;5
8117;48;110;1;land;true;forest;5
8118;113;110;1;land;true;forest;5
8119;86;143;1;land;false;forest;5
8120;110;112;1;land;false;forest;5
8121;66;170;1;land;true;forest;5
8122;84;150;1;land;true;hills;5
8123;122;218;1;land;false;forest;5
8124;181;238;1;land;false;forest;5
8125;164;248;1;land;false;forest;5
8126;114;249;1;land;false;forest;5
8127;158;230;1;land;false;forest;5
8128;173;220;1;land;false;urban;5
8129;143;92;1;land;false;forest;5
8130;137;76;1;land;false;forest;5
8131;131;59;1;land;true;forest;5
8132;157;97;1;land;false;forest;5
8133;129;107;1;land;false;forest;5
8134;152;98;1;land;true;forest;5
8135;238;107;1;land;false;forest;5
8136;166;87;1;land;true;forest;5
8137;183;75;1;land;true;plains;5
8138;235;69;1;land;true;plains;5
8139;165;66;1;land;false;forest;5
8140;206;51;1;land;true;forest;5
8141;230;51;1;land;true;forest;5
8142;213;126;1;land;true;forest;5
8143;217;59;1;land;true;forest;5
8144;237;103;1;land;false;urban;5
8145;182;130;1;land;false;forest;5
8146;203;132;1;land;false;urban;5
8147;232;200;1;land;false;forest;5
8148;200;189;1;land;true;urban;5
8149;183;153;1;land;false;forest;5
8150;237;147;1;land;true;forest;5
8151;196;29;1;land;true;plains;5
8152;188;45;1;land;true;forest;5
8153;203;55;1;land;true;urban;5
8154;203;49;1;land;true;plains;5
8155;30;61;1;land;false;forest;5
8156;35;61;1;land;false;forest;5
8157;24;29;1;land;true;forest;5
8158;13;1;1;land;true;urban;5
8159;41;58;1;land;false;urban;5
8160;72;65;1;land;true;urban;5
8161;65;53;1;land;false;urban;5
8162;116;232;1;land;false;forest;5
8163;63;199;1;land;false;forest;5
8164;73;244;1;land;false;forest;5
8165;82;219;1;land;false;forest;5
8166;105;244;1;land;false;forest;5
8167;52;239;1;land;true;forest;5
8168;92;204;1;land;true;forest;5
8169;78;199;1;land;true;forest;5
8170;88;251;1;land;true;forest;5
8171;90;238;1;land;false;urban;5
8172;54;203;1;land;true;forest;5
8173;37;241;1;land;true;forest;5
8174;81;248;1;land;true;forest;5
8175;234;93;1;land;true;forest;5
8176;237;78;1;land;false;forest;5
8177;93;224;1;land;false;forest;5
8178;106;244;1;land;false;urban;5
8179;122;198;1;land;false;urban;5
8180;61;204;1;land;false;forest;5
8181;82;210;1;land;false;forest;5
8182;251;250;1;land;false;forest;5
8183;205;252;1;land;false;forest;5
8184;218;238;1;land;true;forest;5
8185;247;248;1;land;false;urban;5
8186;116;101;1;land;true;forest;5
8187;109;105;1;land;true;forest;5
8188;130;111;1;land;false;forest;5
8189;133;108;1;land;true;forest;5
8190;100;120;1;land;true;forest;5
8191;93;157;1;land;false;forest;5
8192;126;152;1;land;true;forest;5
8193;147;135;1;land;false;forest;5
8194;126;114;1;land;false;forest;5
8195;102;157;1;land;false;forest;5
8196;79;134;1;land;true;forest;5
8197;97;98;1;land;true;forest;5
8198;155;153;1;land;false;forest;5
8199;151;103;1;land;false;forest;5
8200;88;141;1;land;false;forest;5
8201;81;170;1;land;false;forest;5
8202;91;173;1;land;false;forest;5
8203;89;163;1;land;true;forest;5
8204;185;130;1;land;false;forest;5
8205;140;117;1;land;true;forest;5
8206;170;116;1;land;true;forest;5
8207;189;126;1;land;false;forest;5
8208;155;118;1;land;false;forest;5
8209;168;73;1;land;true;urban;5
8210;145;103;1;land;false;forest;5
8211;130;146;1;land;true;forest;5
8212;154;74;1;land;true;forest;5
8213;174;59;1;land;false;forest;5
8214;171;70;1;land;false;forest;5
8215;178;56;1;land;false;forest;5
8216;173;85;1;land;false;urban;5
8217;153;87;1;land;false;forest;5
8218;120;94;1;land;false;forest;5
8219;145;27;1;land;false;forest;5
8220;109;73;1;land;false;forest;5
8221;157;18;1;land;false;hills;5
8222;113;67;1;land;true;hills;5
8223;126;32;1;land;false;forest;5
8224;124;64;1;land;false;forest;5
8225;111;83;1;land;false;forest;5
8226;162;14;1;land;false;urban;5
8227;104;65;1;land;false;forest;5
8228;189;224;1;land;true;plains;5
8229;178;216;1;land;false;urban;5
8230;229;222;1;land;true;forest;5
8231;167;186;1;land;false;urban;5
8232;154;186;1;land;false;urban;5
8233;190;21;1;land;true;forest;5
8234;191;39;1;land;false;forest;5
8235;187;43;1;land;true;forest;5
8236;228;52;1;land;true;forest;5
8237;59;129;1;land;true;forest;5
8238;3;132;1;land;true;urban;5
8239;17;174;1;land;true;forest;5
8240;121;195;1;land;false;forest;5
8241;152;220;1;land;false;forest;5
8242;164;144;1;land;true;urban;5
8243;165;173;1;land;true;urban;5
8244;103;217;1;land;true;forest;5
8245;138;202;1;land;true;forest;5
8246;143;214;1;land;false;urban;5
8247;139;170;1;land;true;forest;5
8248;152;155;1;land;false;urban;5
8249;124;189;1;land;false;urban;5
8250;130;179;1;land;false;urban;5
8251;185;76;1;land;true;forest;5
8252;172;15;1;land;true;forest;5
8253;160;48;1;land;false;urban;5
8254;145;43;1;land;true;forest;5
8255;150;46;1;land;false;forest;5
8256;212;197;1;land;true;forest;5
8257;213;172;1;land;false;forest;5
8258;233;200;1;land;false;mountain;5
8259;196;173;1;land;false;mountain;5
8260;237;173;1;land;true;forest;5
8261;207;179;1;land;true;forest;5
8262;222;151;1;land;false;hills;5
8263;232;153;1;land;false;forest;5
8264;200;141;1;land;false;mountain;5
8265;200;135;1;land;false;mountain;5
8266;137;249;1;land;false;forest;5
8267;86;206;1;land;false;urban;5
8268;75;234;1;land;false;urban;5
8269;134;210;1;land;false;forest;5
8270;85;222;1;land;false;urban;5
8271;119;224;1;land;false;forest;5
8272;136;196;1;land;false;forest;5
8273;116;197;1;land;false;forest;5
8274;104;203;1;land;false;urban;5
8275;104;192;1;land;false;urban;5
8276;111;203;1;land;false;urban;5
8277;63;214;1;land;false;forest;5
8278;80;214;1;land;false;forest;5
8279;60;202;1;land;true;forest;5
8280;93;151;1;land;false;mountain;5
8281;77;160;1;land;false;forest;5
8282;75;160;1;land;false;hills;5
8283;44;183;1;land;false;forest;5
8284;80;164;1;land;false;forest;5
8285;189;119;1;land;false;forest;5
8286;194;145;1;land;false;forest;5
8287;190;163;1;land;false;forest;5
8288;218;154;1;land;false;forest;5
8289;221;124;1;land;false;forest;5
8290;202;123;1;land;false;forest;5
8291;137;1;1;land;true;forest;5
8292;198;56;1;land;false;urban;5
8293;194;61;1;land;false;forest;5
8294;138;39;1;land;false;forest;5
8295;11;93;1;land;false;forest;5
8296;41;71;1;land;true;forest;5
8297;29;78;1;land;true;forest;5
8298;22;88;1;land;false;forest;5
8299;34;85;1;land;false;forest;5
8300;15;78;1;land;false;forest;5
8301;24;75;1;land;true;urban;5
8302;100;27;1;land;true;forest;5
8303;99;76;1;land;true;forest;5
8304;108;38;1;land;true;forest;5
8305;107;58;1;land;true;forest;5
8306;221;88;1;land;true;forest;5
8307;167;192;1;land;false;forest;5
8308;180;183;1;land;false;forest;5
8309;177;227;1;land;false;forest;5
8310;163;221;1;land;false;urban;5
8311;143;213;1;land;false;urban;5
8312;132;231;1;land;false;forest;5
8313;138;244;1;land;false;urban;5
8314;85;121;1;land;true;forest;5
8315;86;68;1;land;false;forest;5
8316;113;62;1;land;false;mountain;5
8317;127;106;1;land;false;plains;5
8318;86;84;1;land;true;forest;5
8319;97;51;1;land;true;forest;5
8320;124;55;1;land;false;forest;5
8321;158;64;1;land;false;forest;5
8322;159;3;1;land;false;forest;5
8323;164;56;1;land;true;forest;5
8324;98;60;1;land;false;plains;5
8325;138;43;1;land;true;forest;5
8326;101;53;1;land;false;forest;5
8327;63;128;1;land;true;forest;5
8328;11;168;1;land;false;urban;5
8329;14;150;1;land;false;urban;5
8330;35;144;1;land;false;forest;5
8331;77;156;1;land;false;forest;5
8332;37;183;1;land;false;forest;5
8333;6;123;1;land;false;forest;5
8334;224;6;1;land;false;jungle;5
8335;157;45;1;land;false;forest;5
8336;180;47;1;land;true;forest;5
8337;170;139;1;land;false;forest;5
8338;214;143;1;land;false;urban;5
8339;153;142;1;land;false;urban;5
8340;11;176;1;land;true;forest;5
8341;12;173;1;land;true;forest;5
8342;15;182;1;land;false;urban;5
8343;67;202;1;land;true;forest;5
8344;44;155;1;land;true;plains;5
8345;60;209;1;land;true;plains;5
8346;37;156;1;land;false;urban;5
8347;120;12;1;land;false;forest;5
8348;111;34;1;land;false;forest;5
8349;123;53;1;land;false;forest;5
8350;108;5;1;land;false;urban;5
8351;34;86;1;land;false;mountain;5
8352;15;144;1;land;false;forest;5
8353;76;88;1;land;false;forest;5
8354;15;103;1;land;false;forest;5
8355;78;99;1;land;false;mountain;5
8356;6;142;1;land;false;forest;5
8357;32;147;1;land;false;mountain;5
8358;99;88;1;land;true;forest;5
8359;119;102;1;land;false;forest;5
8360;21;196;1;land;false;forest;5
8361;22;183;1;land;false;urban;5
8362;1;148;1;land;true;forest;5
8363;35;186;1;land;false;forest;5
8364;8;231;1;land;true;forest;5
8365;65;253;1;land;false;forest;5
8366;32;253;1;land;false;mountain;5
8367;15;233;1;land;false;forest;5
8368;9;211;1;land;true;forest;5
8369;8;210;1;land;true;forest;5
8370;61;213;1;land;false;forest;5
8371;40;226;1;land;false;mountain;5
8372;45;241;1;land;false;mountain;5
8373;49;60;1;land;false;urban;5
8374;43;45;1;land;true;forest;5
8375;32;117;1;land;true;forest;5
8376;30;56;1;land;false;urban;5
8377;50;105;1;land;false;forest;5
8378;73;65;1;land;true;forest;5
8379;124;32;1;land;true;forest;5
8380;82;94;1;land;true;forest;5
8381;130;72;1;land;false;forest;5
8382;86;79;1;land;false;forest;5
8383;113;57;1;land;true;urban;5
8384;74;54;1;land;false;forest;5
8385;82;110;1;land;false;forest;5
8386;65;185;1;land;true;forest;5
8387;69;234;1;land;true;forest;5
8388;50;179;1;land;true;urban;5
8389;131;117;1;land;false;mountain;4
8390;81;178;1;land;false;forest;4
8391;114;192;1;land;true;forest;4
8392;60;133;1;land;false;forest;4
8393;109;131;1;land;true;forest;4
8394;83;122;1;land;false;hills;4
8395;63;124;1;land;false;forest;4
8396;63;125;1;land;true;jungle;4
8397;120;136;1;land;true;forest;4
8398;116;134;1;land;false;forest;4
8399;90;177;1;land;true;forest;4
8400;76;136;1;land;false;mountain;4
8401;78;171;1;land;false;urban;4
8402;221;193;1;land;true;forest;4
8403;191;193;1;land;true;forest;4
8404;66;16;1;land;true;plains;4
8405;50;78;1;land;true;plains;4
8406;197;9;1;land;true;forest;4
8407;186;22;1;land;false;mountain;4
8408;195;44;1;land;true;forest;4
8409;172;4;1;land;true;hills;4
8410;237;21;1;land;false;forest;4
8411;210;44;1;land;false;mountain;4
8412;172;36;1;land;true;forest;4
8413;228;13;1;land;false;mountain;4
8414;230;32;1;land;true;forest;4
8415;209;7;1;land;true;hills;4
8416;180;34;1;land;false;forest;4
8417;212;15;1;land;false;hills;4
8418;216;7;1;land;false;forest;4
8419;25;78;1;land;true;forest;4
8420;27;143;1;land;false;jungle;4
8421;20;115;1;land;true;forest;4
8422;57;128;1;land;false;jungle;4
8423;9;111;1;land;false;jungle;4
8424;15;100;1;land;true;urban;4
8425;51;99;1;land;false;jungle;4
8426;171;0;1;land;true;plains;4
8427;184;66;1;land;true;forest;4
8428;208;32;1;land;true;forest;4
8429;195;36;1;land;false;mountain;4
8430;166;24;1;land;false;forest;4
8431;169;29;1;land;false;hills;4
8432;228;0;1;land;true;hills;4
8433;168;54;1;land;false;forest;4
8434;58;240;1;land;false;forest;4
8435;38;250;1;land;false;forest;4
8436;80;241;1;land;false;mountain;4
8437;29;231;1;land;false;forest;4
8438;53;240;1;land;false;forest;4
8439;70;198;1;land;false;forest;4
8440;103;210;1;land;false;mountain;4
8441;103;230;1;land;false;forest;4
8442;193;76;1;land;false;mountain;4
8443;176;107;1;land;false;mountain;4
8444;180;68;1;land;false;forest;4
8445;187;110;1;land;false;forest;4
8446;197;70;1;land;false;forest;4
8447;199;76;1;land;false;forest;4
8448;253;58;1;land;false;mountain;4
8449;228;103;1;land;false;mountain;4
8450;173;142;1;land;true;forest;4
8451;237;84;1;land;false;forest;4
8452;226;119;1;land;false;forest;4
8453;233;103;1;land;false;forest;4
8454;254;69;1;land;false;plains;4
8455;196;218;1;land;true;forest;4
8456;221;242;1;land;true;forest;4
8457;234;171;1;land;true;forest;4
8458;197;122;1;land;true;forest;4
8459;233;104;1;land;true;forest;4
8460;204;152;1;land;true;forest;4
8461;190;149;1;land;true;forest;4
8462;242;102;1;land;true;plains;4
8463;192;155;1;land;false;forest;4
8464;225;133;1;land;true;plains;4
8465;199;148;1;land;true;forest;4
8466;229;112;1;land;true;forest;4
8467;226;148;1;land;true;urban;4
8468;232;105;1;land;true;forest;4
8469;196;111;1;land;true;forest;4
8470;189;144;1;land;true;urban;4
8471;214;104;1;land;false;forest;4
8472;238;104;1;land;false;urban;4
8473;194;161;1;land;true;forest;4
8474;242;95;1;land;true;forest;4
8475;207;120;1;land;true;forest;4
8476;252;137;1;land;true;forest;4
8477;210;153;1;land;true;plains;4
8478;251;133;1;land;false;plains;4
8479;196;145;1;land;true;forest;4
8480;227;166;1;land;true;forest;4
8481;173;234;1;land;false;forest;4
8482;179;181;1;land;true;forest;4
8483;133;228;1;land;false;forest;4
8484;104;238;1;land;true;forest;4
8485;150;198;1;land;false;forest;4
8486;117;185;1;land;false;forest;4
8487;165;214;1;land;false;urban;4
8488;220;191;1;land;false;mountain;4
8489;252;254;1;land;false;mountain;4
8490;142;46;1;land;false;forest;4
8491;165;59;1;land;false;urban;4
8492;149;33;1;land;true;forest;4
8493;121;21;1;land;true;urban;4
8494;97;6;1;land;false;plains;4
8495;121;41;1;land;false;forest;4
8496;136;53;1;land;true;forest;4
8497;160;34;1;land;false;forest;4
8498;116;8;1;land;false;forest;4
8499;47;71;1;land;true;plains;4
8500;35;231;1;land;false;hills;4
8501;78;240;1;land;false;mountain;4
8502;72;233;1;land;false;mountain;4
8503;106;226;1;land;false;hills;4
8504;95;243;1;land;false;mountain;4
8505;100;217;1;land;false;mountain;4
8506;72;241;1;land;false;mountain;4
8507;60;2;1;land;false;forest;4
8508;4;16;1;land;true;forest;4
8509;123;200;1;land;true;plains;4
8510;246;146;1;land;true;plains;4
8511;213;120;1;land;true;plains;4
8512;181;36;1;land;true;plains;4
8513;172;7;1;land;true;plains;4
8514;198;37;1;land;true;urban;4
8515;211;36;1;land;true;plains;4
8516;162;2;1;land;false;plains;4
8517;189;57;1;land;true;plains;4
8518;172;201;1;land;true;plains;4
8519;28;70;1;land;true;forest;4
8520;65;101;1;land;true;forest;4
8521;81;111;1;land;false;forest;4
8522;24;59;1;land;true;plains;4
8523;48;52;1;land;true;forest;4
8524;179;124;1;land;true;plains;4
8525;133;225;1;land;true;forest;4
8526;152;208;1;land;true;forest;4
8527;194;169;1;land;true;forest;4
8528;145;147;1;land;true;forest;4
8529;106;232;1;land;true;forest;3
8530;128;224;1;land;true;forest;3
8531;143;211;1;land;true;urban;3
8532;153;244;1;land;false;urban;3
8533;154;243;1;land;true;forest;3
8534;102;224;1;land;true;forest;3
8535;34;63;1;land;true;forest;3
8536;62;19;1;land;true;forest;3
8537;93;33;1;land;false;mountain;3
8538;55;28;1;land;true;forest;3
8539;81;85;1;land;false;forest;3
8540;79;57;1;land;true;forest;3
8541;150;189;1;land;true;forest;3
8542;124;170;1;land;true;forest;3
8543;158;183;1;land;true;forest;3
8544;113;187;1;land;true;forest;3
8545;128;138;1;land;true;plains;3
8546;170;220;1;land;true;forest;3
8547;243;208;1;land;true;forest;3
8548;26;62;1;land;true;plains;3
8549;115;72;1;land;true;urban;3
8550;141;43;1;land;true;forest;3
8551;131;83;1;land;true;plains;3
8552;145;65;1;land;true;forest;3
8553;97;26;1;land;false;urban;3
8554;98;61;1;land;true;plains;3
8555;137;226;1;land;false;forest;3
8556;196;222;1;land;false;mountain;3
8557;168;213;1;land;false;mountain;3
8558;200;199;1;land;false;plains;3
8559;136;244;1;land;false;hills;3
8560;142;121;1;land;true;plains;3
8561;195;142;1;land;true;forest;3
8562;197;85;1;land;false;urban;3
8563;144;148;1;land;true;forest;3
8564;139;79;1;land;false;urban;3
8565;15;35;1;land;true;forest;3
8566;146;95;1;land;false;forest;3
8567;166;95;1;land;false;mountain;3
8568;169;96;1;land;false;forest;3
8569;171;108;1;land;false;hills;3
8570;194;186;1;land;true;forest;3
8571;161;217;1;land;true;urban;3
8572;172;176;1;land;true;forest;3
8573;170;174;1;land;true;forest;3
8574;158;198;1;land;true;forest;3
8575;237;214;1;land;false;plains;3
8576;244;226;1;land;true;forest;3
8577;211;232;1;land;false;mountain;3
8578;195;210;1;land;false;plains;3
8579;1;106;1;land;true;forest;3
8580;49;104;1;land;true;forest;3
8581;7;113;1;land;true;urban;3
8582;44;83;1;land;false;forest;3
8583;181;43;1;land;false;forest;3
8584;120;77;1;land;true;forest;3
8585;175;5;1;land;false;forest;3
8586;62;229;1;land;true;forest;3
8587;88;220;1;land;false;hills;3
8588;213;162;1;land;false;mountain;3
8589;237;161;1;land;true;forest;3
8590;253;184;1;land;true;plains;3
8591;203;115;1;land;false;forest;3
8592;240;117;1;land;false;forest;3
8593;239;165;1;land;false;mountain;3
8594;234;123;1;land;true;forest;3
8595;205;137;1;land;false;forest;3
8596;214;133;1;land;false;forest;3
8597;129;208;1;land;true;forest;3
8598;1;207;1;land;false;mountain;3
8599;40;221;1;land;false;mountain;3
8600;48;239;1;land;false;mountain;3
8601;75;68;1;land;true;forest;3
8602;131;76;1;land;true;forest;3
8603;95;88;1;land;true;forest;3
8604;130;115;1;land;true;forest;3
8605;163;32;1;land;true;forest;3
8606;17;182;1;land;false;forest;3
8607;17;175;1;land;true;forest;3
8608;20;154;1;land;true;urban;3
8609;7;151;1;land;true;urban;3
8610;39;160;1;land;false;forest;3
8611;16;192;1;land;false;hills;3
8612;27;132;1;land;false;plains;3
8613;32;172;1;land;true;plains;3
8614;242;33;1;land;true;forest;3
8615;208;37;1;land;true;forest;3
8616;220;55;1;land;true;forest;3
8617;52;152;1;land;true;urban;3
8618;66;183;1;land;true;forest;3
8619;67;139;1;land;true;forest;3
8620;88;183;1;land;false;forest;3
8621;80;172;1;land;false;forest;3
8622;130;152;1;land;false;mountain;3
8623;182;116;1;land;false;mountain;3
8624;123;120;1;land;false;hills;3
8625;109;150;1;land;false;mountain;3
8626;190;43;1;land;false;mountain;3
8627;196;75;1;land;false;mountain;3
8628;155;106;1;land;false;plains;3
8629;111;15;1;land;true;forest;3
8630;132;47;1;land;true;forest;3
8631;146;74;1;land;false;forest;3
8632;168;83;1;land;true;forest;3
8633;184;38;1;land;false;urban;3
8634;156;46;1;land;true;forest;3
8635;189;222;1;land;true;plains;3
8636;137;223;1;land;true;forest;3
8637;108;86;1;land;true;plains;3
8638;193;116;1;land;true;plains;2
8639;236;97;1;land;false;urban;2
8640;233;120;1;land;false;urban;2
8641;246;87;1;land;true;urban;2
8642;242;80;1;land;true;forest;2
8643;223;79;1;land;false;forest;2
8644;196;151;1;land;true;forest;2
8645;245;97;1;land;true;jungle;2
8646;197;92;1;land;true;forest;2
8647;98;99;1;land;false;plains;2
8648;109;71;1;land;true;forest;2
8649;81;97;1;land;true;plains;2
8650;96;41;1;land;true;plains;2
8651;102;65;1;land;true;forest;2
8652;59;62;1;land;true;forest;2
8653;110;35;1;land;true;forest;2
8654;80;44;1;land;false;jungle;2
8655;97;32;1;land;true;forest;2
8656;101;6;1;land;true;forest;2
8657;131;19;1;land;true;forest;2
8658;74;27;1;land;true;forest;2
8659;94;14;1;land;false;forest;2
8660;85;26;1;land;true;forest;2
8661;42;220;1;land;true;plains;2
8662;35;211;1;land;true;plains;2
8663;4;194;1;land;false;plains;2
8664;165;165;1;land;true;forest;2
8665;117;137;1;land;true;forest;2
8666;120;106;1;land;false;urban;2
8667;189;153;1;land;false;forest;2
8668;123;166;1;land;true;forest;2
8669;152;107;1;land;true;forest;2
8670;225;254;1;land;true;forest;2
8671;163;41;1;land;true;forest;1
8672;200;15;1;land;true;forest;1
8673;204;12;1;land;true;forest;1
8674;193;9;1;land;true;forest;1
8675;129;9;1;land;true;forest;1
8676;142;33;1;land;true;forest;1
8677;233;184;1;land;true;forest;1
8678;215;194;1;land;true;forest;1
8679;250;221;1;land;true;forest;1
8680;218;153;1;land;false;forest;1
8681;252;167;1;land;true;forest;1
8682;201;196;1;land;false;urban;1
8683;219;180;1;land;true;forest;1
8684;231;217;1;land;true;jungle;1
8685;244;217;1;land;false;forest;1
8686;199;171;1;land;true;urban;1
8687;191;194;1;land;true;forest;1
8688;201;181;1;land;true;forest;1
8689;210;151;1;land;false;forest;1
8690;38;172;1;land;true;forest;1
8691;32;209;1;land;true;forest;1
8692;36;143;1;land;false;forest;1
8693;22;154;1;land;true;forest;1
8694;3;193;1;land;false;urban;1
8695;35;172;1;land;true;forest;1
8696;28;150;1;land;true;forest;1
8697;18;172;1;land;true;forest;1
8698;27;153;1;land;false;forest;1
8699;41;196;1;land;true;forest;1
8700;26;159;1;land;true;forest;1
8701;11;164;1;land;false;urban;1
8702;237;33;1;land;true;forest;1
8703;8;97;1;land;true;forest;6
8704;46;148;1;land;true;forest;6
8705;1;151;1;land;true;forest;6
8706;147;107;1;land;true;forest;6
8707;242;50;1;land;true;forest;6
8708;208;34;1;land;true;forest;6
8709;240;71;1;land;true;forest;6
8710;249;104;1;land;true;plains;6
8711;221;27;1;land;true;forest;6
8712;212;97;1;land;true;plains;6
8713;53;212;1;land;true;forest;7
8714;205;98;1;land;true;forest;7
8715;186;112;1;land;true;forest;7
8716;198;85;1;land;true;forest;7
8717;202;111;1;land;true;forest;7
8718;195;105;1;land;true;forest;7
8719;232;96;1;land;true;forest;7
8720;117;153;1;land;true;forest;7
8721;180;58;1;land;true;forest;7
8722;113;96;1;land;true;forest;7
8723;137;117;1;land;true;plains;7
8724;183;66;1;land;true;forest;7
8725;175;105;1;land;true;forest;7
8726;157;60;1;land;true;urban;7
8727;182;89;1;land;true;forest;7
8728;151;122;1;land;true;forest;7
8729;58;228;1;land;true;forest;7
8730;120;230;1;land;true;forest;7
8731;90;233;1;land;true;forest;7
8732;241;12;1;land;true;forest;7
8733;244;44;1;land;true;plains;7
8734;246;34;1;land;true;forest;7
8735;185;114;1;land;true;forest;7
8736;161;111;1;land;true;forest;7
8737;166;127;1;land;true;forest;7
8738;188;160;1;land;true;mountain;7
8739;154;153;1;land;true;forest;7
8740;154;181;1;land;true;mountain;7
8741;243;220;1;land;true;forest;7
8742;85;182;1;land;true;forest;7
8743;193;80;1;land;true;forest;7
8744;11;40;1;land;true;forest;7
8745;12;92;1;land;true;forest;7
8746;1;42;1;land;true;urban;7
8747;66;30;1;land;true;forest;6
8748;46;61;1;land;true;plains;6
8749;55;32;1;land;true;plains;6
8750;32;52;1;land;true;plains;6
8751;90;41;1;land;true;plains;6
8752;99;34;1;land;true;forest;6
8753;18;244;1;land;true;forest;7
8754;225;236;1;land;true;forest;7
8755;215;212;1;land;true;forest;7
8756;58;66;1;land;true;forest;7
8757;146;50;1;land;true;forest;6
8758;111;40;1;land;true;forest;6
8759;78;33;1;land;true;forest;6
8760;130;71;1;land;true;forest;6
8761;42;121;1;land;true;forest;6
8762;52;123;1;land;true;forest;6
8763;42;111;1;land;true;forest;6
8764;25;166;1;land;true;forest;6
8765;125;229;1;land;true;forest;7
8766;154;242;1;land;true;forest;7
8767;154;226;1;land;true;forest;7
8768;91;68;1;land;true;forest;7
8769;23;121;1;land;true;forest;7
8770;24;150;1;land;true;forest;7
8771;89;123;1;land;true;forest;7
8772;133;42;1;land;true;forest;6
8773;167;1;1;land;true;forest;6
8774;145;0;1;land;true;forest;6
8775;198;108;1;land;true;plains;6
8776;168;82;1;land;true;forest;6
8777;215;82;1;land;true;forest;6
8778;72;217;1;land;true;forest;7
8779;61;196;1;land;true;forest;7
8780;24;254;1;land;true;forest;7
8781;224;97;1;land;true;forest;7
8782;184;221;1;land;true;forest;7
8783;156;101;1;land;true;forest;7
8784;84;234;1;land;true;forest;7
8785;110;216;1;land;true;forest;7
8786;93;37;1;land;true;forest;5
8787;137;87;1;land;true;forest;5
8788;225;225;1;land;true;plains;6
8789;229;179;1;land;true;plains;6
8790;179;121;1;land;true;plains;6
8791;182;82;1;land;true;plains;6
8792;19;238;1;land;true;forest;7
8793;5;227;1;land;true;forest;7
8794;28;47;1;land;true;forest;7
8795;22;64;1;land;true;forest;7
8796;102;128;1;land;true;forest;7
8797;111;190;1;land;true;forest;7
8798;43;84;1;land;true;plains;7
8799;106;100;1;land;true;forest;7
8800;183;198;1;land;true;forest;7
8801;188;156;1;land;true;forest;7
8802;49;29;1;land;true;forest;6
8803;188;220;1;land;true;forest;6
8804;205;142;1;land;true;plains;7
8805;91;73;1;land;true;forest;7
8806;181;212;1;land;true;forest;7
8807;245;8;1;land;true;forest;7
8808;77;113;1;land;true;plains;5
8809;20;39;1;land;true;forest;6
8810;116;154;1;land;true;plains;6
8811;141;38;1;land;true;plains;5
8812;15;136;1;land;true;forest;7
8813;220;41;1;land;true;plains;7
8814;73;165;1;land;true;plains;5
8815;47;228;1;land;true;plains;6
8816;183;95;1;land;true;plains;5
8817;76;246;1;land;true;plains;5
8818;208;92;1;land;true;plains;7
8819;135;198;1;land;true;plains;7
8820;225;54;1;land;true;plains;5
8821;153;180;1;land;true;plains;5
8822;40;17;1;land;true;plains;7
8823;75;123;1;land;true;plains;6
8824;141;4;1;land;true;plains;7
8825;55;177;1;land;true;plains;7
8826;224;23;1;land;true;plains;5
8827;107;78;255;sea;false;ocean;0
8828;64;28;255;sea;false;ocean;0
8829;43;57;255;sea;false;ocean;0
8830;40;43;255;sea;false;ocean;0
8831;56;107;255;sea;false;ocean;0
8832;121;66;255;sea;true;ocean;0
8833;60;89;255;sea;true;ocean;0
8834;112;80;255;sea;true;ocean;0
8835;52;67;255;sea;false;ocean;0
8836;81;61;255;sea;false;ocean;0
8837;46;53;255;sea;false;ocean;0
8838;75;39;255;sea;true;ocean;0
8839;118;33;255;sea;false;ocean;0
8840;54;13;255;sea;false;ocean;0
8841;8;131;255;sea;true;ocean;0
8842;7;113;255;sea;false;ocean;0
8843;41;117;255;sea;true;ocean;0
8844;95;48;255;sea;true;ocean;0
8845;122;8;255;sea;false;ocean;0
8846;94;48;255;sea;false;ocean;0
8847;157;120;255;sea;false;ocean;0
8848;155;72;255;sea;false;ocean;0
8849;78;139;255;sea;false;ocean;0
8850;145;96;255;sea;false;ocean;0
8851;107;70;255;sea;false;ocean;0
8852;83;89;255;sea;false;ocean;0
8853;142;52;255;sea;false;ocean;0
8854;133;10;255;sea;false;ocean;0
8855;83;54;255;sea;false;ocean;0
8856;77;52;255;sea;false;ocean;0
8857;134;135;255;sea;false;ocean;0
8858;120;112;255;sea;false;ocean;0
8859;105;16;255;sea;false;ocean;0
8860;5;0;255;sea;false;ocean;0
8861;29;24;255;sea;false;ocean;0
8862;54;31;255;sea;false;ocean;0
8863;57;137;255;sea;true;ocean;0
8864;97;13;255;sea;true;ocean;0
8865;60;66;255;sea;false;ocean;0
8866;55;44;255;sea;false;ocean;0
8867;27;103;255;sea;true;ocean;0
8868;75;104;255;sea;false;ocean;0
8869;7;82;255;sea;false;ocean;0
8870;35;61;255;sea;false;ocean;0
8871;11;36;255;sea;false;ocean;0
8872;85;24;255;sea;false;ocean;0
8873;85;53;255;sea;false;ocean;0
8874;80;65;255;sea;false;ocean;0
8875;72;25;255;sea;false;ocean;0
8876;70;142;255;sea;true;ocean;0
8877;70;75;255;sea;true;ocean;0
8878;4;108;255;sea;true;ocean;0
8879;109;49;255;sea;false;ocean;0
8880;112;46;255;sea;false;ocean;0
8881;14;39;255;sea;false;ocean;0
8882;14;52;255;sea;false;ocean;0
8883;17;18;255;sea;false;ocean;0
8884;35;46;255;sea;false;ocean;0
8885;5;18;255;sea;false;ocean;0
8886;104;101;255;sea;true;ocean;0
8887;64;71;255;sea;true;ocean;0
8888;116;39;255;sea;false;ocean;0
8889;75;5;255;sea;false;ocean;0
8890;40;120;255;sea;true;ocean;0
8891;28;111;255;sea;false;ocean;0
8892;107;66;255;sea;false;ocean;0
8893;115;75;255;sea;true;ocean;0
8894;98;61;255;sea;true;ocean;0
8895;139;2;255;sea;true;ocean;0
8896;42;29;255;sea;false;ocean;0
8897;15;39;255;sea;true;ocean;0
8898;19;108;255;sea;true;ocean;0
8899;86;18;255;sea;false;ocean;0
8900;36;7;255;sea;true;ocean;0
8901;68;17;255;sea;true;ocean;0
8902;24;48;255;sea;true;ocean;0
8903;68;28;255;sea;false;ocean;0
8904;95;90;255;sea;true;ocean;0
8905;134;29;255;sea;true;ocean;0
8906;60;46;255;sea;true;ocean;0
8907;48;106;255;sea;false;ocean;0
8908;53;28;255;sea;true;ocean;0
8909;76;27;255;sea;false;ocean;0
8910;76;55;255;sea;false;ocean;0
8911;28;83;255;sea;false;ocean;0
8912;41;130;255;sea;false;ocean;0
8913;72;134;255;sea;false;ocean;0
8914;50;50;255;sea;false;ocean;0
8915;43;14;255;sea;false;ocean;0
8916;44;20;255;sea;false;ocean;0
8917;148;13;255;sea;false;ocean;0
8918;156;51;255;sea;false;ocean;0
8919;154;53;255;sea;false;ocean;0
8920;44;34;255;sea;true;ocean;0
8921;38;51;255;sea;false;ocean;0
8922;6;113;255;sea;false;ocean;0
8923;7;107;255;sea;false;ocean;0
8924;54;83;255;sea;false;ocean;0
8925;52;47;255;sea;true;ocean;0
8926;88;59;255;sea;true;ocean;0
8927;52;63;255;sea;false;ocean;0
8928;39;4;255;sea;false;ocean;0
8929;46;139;255;sea;false;ocean;0
8930;5;101;255;sea;false;ocean;0
8931;50;57;255;sea;true;ocean;0
8932;106;25;255;sea;true;ocean;0
8933;108;32;255;sea;false;ocean;0
8934;37;111;255;sea;true;ocean;0
8935;14;94;255;sea;false;ocean;0
8936;71;106;255;sea;true;ocean;0
8937;85;23;255;sea;false;ocean;0
8938;40;49;255;sea;true;ocean;0
8939;41;37;255;sea;true;ocean;0
8940;66;98;255;sea;true;ocean;0
8941;76;42;255;sea;true;ocean;0
8942;70;34;255;sea;false;ocean;0
8943;92;6;255;sea;false;ocean;0
8944;58;99;255;sea;false;ocean;0
8945;63;72;255;sea;false;ocean;0
8946;49;138;255;sea;false;ocean;0
8947;49;69;255;sea;true;ocean;0
8948;138;32;255;sea;false;ocean;0
8949;125;18;255;sea;false;ocean;0
8950;124;38;255;sea;false;ocean;0
8951;126;29;255;sea;true;ocean;0
8952;11;48;255;sea;false;ocean;0
8953;42;109;255;sea;false;ocean;0
8954;45;34;255;sea;false;ocean;0
8955;61;50;255;sea;true;ocean;0
8956;13;22;255;sea;false;ocean;0
8957;26;81;255;sea;false;ocean;0
8958;96;44;255;sea;false;ocean;0
8959;55;103;255;sea;false;ocean;0
8960;2;101;255;sea;true;ocean;0
8961;38;29;255;sea;false;ocean;0
8962;8;90;255;sea;false;ocean;0
8963;62;123;255;sea;true;ocean;0
8964;68;111;255;sea;true;ocean;0
8965;112;83;255;sea;true;ocean;0
8966;34;51;255;sea;false;ocean;0
8967;31;40;255;sea;true;ocean;0
8968;57;55;255;sea;false;ocean;0
8969;23;6;255;sea;true;ocean;0
8970;99;141;255;sea;false;ocean;0
8971;101;110;255;sea;false;ocean;0
8972;74;109;255;sea;false;ocean;0
8973;162;60;255;sea;false;ocean;0
8974;15;15;255;sea;false;ocean;0
8975;6;43;255;sea;false;ocean;0
8976;102;70;255;sea;false;ocean;0
8977;116;135;255;sea;false;ocean;0
8978;130;91;255;sea;true;ocean;0
8979;135;15;255;sea;true;ocean;0
8980;76;41;255;sea;false;ocean;0
8981;143;48;255;sea;false;ocean;0
8982;84;69;255;sea;false;ocean;0
8983;55;60;255;sea;true;ocean;0
8984;79;85;255;sea;true;ocean;0
8985;123;68;255;sea;false;ocean;0
8986;63;41;255;sea;false;ocean;0
8987;97;59;255;sea;false;ocean;0
8988;44;40;255;sea;true;ocean;0
8989;58;151;255;sea;false;ocean;0
8990;60;101;255;sea;false;ocean;0
8991;95;119;255;sea;false;ocean;0
8992;72;37;255;sea;true;ocean;0
8993;47;55;255;sea;true;ocean;0
8994;75;52;255;sea;true;ocean;0
8995;70;19;255;sea;true;ocean;0
8996;41;22;255;sea;false;ocean;0
8997;1;20;255;sea;false;ocean;0
8998;111;62;255;sea;false;ocean;0
8999;52;49;255;sea;false;ocean;0
9000;28;85;255;sea;false;ocean;0
9001;24;154;255;sea;true;ocean;0
9002;61;145;255;sea;false;ocean;0
9003;51;125;255;sea;false;ocean;0
9004;76;85;255;sea;true;ocean;0
9005;97;138;255;sea;false;ocean;0
9006;117;93;255;sea;false;ocean;0
9007;95;89;255;sea;false;ocean;0
9008;91;159;255;sea;false;ocean;0
9009;145;28;255;sea;false;ocean;0
9010;108;49;255;sea;false;ocean;0
9011;20;63;255;sea;true;ocean;0
9012;94;47;255;sea;false;ocean;0
9013;103;46;255;sea;false;ocean;0
9014;114;20;255;sea;false;ocean;0
9015;19;61;255;sea;true;ocean;0
9016;24;31;255;sea;true;ocean;0
9017;3;13;255;sea;true;ocean;0
9018;77;39;255;sea;true;ocean;0
9019;34;104;255;sea;false;ocean;0
9020;25;129;255;sea;false;ocean;0
9021;150;72;255;sea;false;ocean;0
9022;105;21;255;sea;false;ocean;0
9023;149;73;255;sea;true;ocean;0
9024;5;114;255;sea;false;ocean;0
9025;61;90;255;sea;true;ocean;0
9026;105;49;255;sea;true;ocean;0
9027;68;46;255;sea;true;ocean;0
9028;44;11;255;sea;true;ocean;0
9029;78;19;255;sea;true;ocean;0
9030;103;13;255;sea;true;ocean;0
9031;104;16;255;sea;false;ocean;0
9032;79;64;255;sea;false;ocean;0
9033;31;84;255;sea;false;ocean;0
9034;82;72;255;sea;false;ocean;0
9035;89;31;255;sea;false;ocean;0
9036;49;4;255;sea;true;ocean;0
9037;54;49;255;sea;false;ocean;0
9038;132;49;255;sea;true;ocean;0
9039;44;87;255;sea;false;ocean;0
9040;39;24;255;sea;true;ocean;0
9041;55;110;255;sea;true;ocean;0
9042;87;80;255;sea;true;ocean;0
9043;0;125;255;sea;true;ocean;0
9044;13;141;255;sea;false;ocean;0
9045;23;82;255;sea;false;ocean;0
9046;20;115;255;sea;false;ocean;0
9047;19;93;255;sea;false;ocean;0
9048;30;61;255;sea;false;ocean;0
9049;66;28;255;sea;false;ocean;0
9050;101;53;255;sea;false;ocean;0
9051;92;31;255;sea;false;ocean;0
9052;82;2;255;sea;false;ocean;0
9053;59;42;255;sea;false;ocean;0
9054;37;50;255;sea;false;ocean;0
9055;26;42;255;sea;false;ocean;0
9056;54;21;255;sea;true;ocean;0
9057;77;22;255;sea;true;ocean;0
9058;21;14;255;sea;false;ocean;0
9059;4;6;255;sea;false;ocean;0
9060;32;15;255;sea;false;ocean;0
9061;16;104;255;sea;true;ocean;0
9062;41;135;255;sea;true;ocean;0
9063;16;99;255;sea;true;ocean;0
9064;8;116;255;sea;true;ocean;0
9065;130;54;255;sea;false;ocean;0
9066;102;61;255;sea;false;ocean;0
9067;61;76;255;sea;false;ocean;0
9068;44;44;255;sea;false;ocean;0
9069;22;101;255;sea;false;ocean;0
9070;11;116;255;sea;false;ocean;0
9071;22;66;255;sea;false;ocean;0
9072;5;136;255;sea;false;ocean;0
9073;59;60;255;sea;true;ocean;0
9074;127;62;255;sea;false;ocean;0
9075;39;22;255;sea;false;ocean;0
9076;47;20;255;sea;false;ocean;0
9077;52;19;255;sea;false;ocean;0
9078;34;92;255;sea;true;ocean;0
9079;23;52;255;sea;false;ocean;0
9080;29;21;255;sea;false;ocean;0
9081;41;68;255;sea;false;ocean;0
9082;68;106;255;sea;false;ocean;0
9083;81;98;255;sea;false;ocean;0
9084;2;129;255;sea;true;ocean;0
9085;109;71;255;sea;true;ocean;0
9086;44;38;255;sea;false;ocean;0
9087;46;16;255;sea;false;ocean;0
9088;83;103;255;sea;false;ocean;0
9089;95;134;255;sea;false;ocean;0
9090;35;110;255;sea;false;ocean;0
9091;31;153;255;sea;false;ocean;0
9092;22;105;255;sea;true;ocean;0
9093;95;41;255;sea;false;ocean;0
9094;71;34;255;sea;false;ocean;0
9095;97;34;255;sea;false;ocean;0
9096;86;115;255;sea;true;ocean;0
9097;45;90;255;sea;true;ocean;0
9098;31;10;255;sea;false;ocean;0
9099;46;58;255;sea;false;ocean;0
9100;14;76;255;sea;false;ocean;0
9101;20;28;255;sea;false;ocean;0
9102;45;7;255;sea;false;ocean;0
9103;34;20;255;sea;false;ocean;0
9104;69;25;255;sea;true;ocean;0
9105;139;129;255;sea;false;ocean;0
9106;84;124;255;sea;false;ocean;0
9107;127;139;255;sea;false;ocean;0
9108;83;80;255;sea;false;ocean;0
9109;109;12;255;sea;true;ocean;0
9110;45;17;255;sea;false;ocean;0
9111;20;7;255;sea;false;ocean;0
9112;116;81;255;sea;true;ocean;0
9113;89;74;255;sea;true;ocean;0
9114;52;104;255;sea;false;ocean;0
9115;4;85;255;sea;false;ocean;0
9116;70;125;255;sea;false;ocean;0
9117;132;61;255;sea;true;ocean;0
9118;26;92;255;sea;false;ocean;0
9119;36;146;255;sea;true;ocean;0
9120;128;71;255;sea;false;ocean;0
9121;119;62;255;sea;false;ocean;0
9122;92;128;255;sea;false;ocean;0
9123;71;79;255;sea;false;ocean;0
9124;93;9;255;sea;false;ocean;0
9125;94;51;255;sea;false;ocean;0
9126;48;47;255;sea;false;ocean;0
9127;34;39;255;sea;false;ocean;0
9128;44;47;255;sea;false;ocean;0
9129;37;116;255;sea;false;ocean;0
9130;56;57;255;sea;true;ocean;0
9131;48;6;255;sea;false;ocean;0
9132;50;19;255;sea;false;ocean;0
9133;45;79;255;sea;true;ocean;0
9134;40;105;255;sea;true;ocean;0
9135;95;75;255;sea;false;ocean;0
9136;128;34;255;sea;false;ocean;0
9137;76;1;255;sea;false;ocean;0
9138;116;109;255;sea;false;ocean;0
9139;62;58;255;sea;false;ocean;0
9140;70;84;255;sea;true;ocean;0
9141;46;18;255;sea;false;ocean;0
9142;32;55;255;sea;false;ocean;0
9143;69;100;255;sea;false;ocean;0
9144;78;115;255;sea;false;ocean;0
9145;38;85;255;sea;false;ocean;0
9146;98;68;255;sea;false;ocean;0
9147;100;71;255;sea;true;ocean;0
9148;102;54;255;sea;true;ocean;0
9149;19;47;255;sea;false;ocean;0
9150;2;19;255;sea;true;ocean;0
9151;20;89;255;sea;true;ocean;0
9152;72;55;255;sea;true;ocean;0
9153;78;140;255;sea;false;ocean;0
9154;93;153;255;sea;false;ocean;0
9155;115;89;255;sea;false;ocean;0
9156;63;93;255;sea;true;ocean;0
9157;74;62;255;sea;false;ocean;0
9158;108;45;255;sea;false;ocean;0
9159;19;134;255;sea;true;ocean;0
9160;48;91;255;sea;true;ocean;0
9161;155;40;255;sea;false;ocean;0
9162;139;52;255;sea;false;ocean;0
9163;73;78;255;sea;false;ocean;0
9164;66;13;255;sea;true;ocean;0
9165;40;36;255;sea;false;ocean;0
9166;20;136;255;sea;true;ocean;0
9167;144;88;255;sea;false;ocean;0
9168;6;49;255;sea;false;ocean;0
9169;59;37;255;sea;false;ocean;0
9170;58;83;255;sea;true;ocean;0
9171;77;61;255;sea;false;ocean;0
9172;71;111;255;sea;false;ocean;0
9173;100;122;255;sea;false;ocean;0
9174;89;114;255;sea;false;ocean;0
9175;77;107;255;sea;false;ocean;0
9176;75;67;255;sea;true;ocean;0
9177;75;32;255;sea;true;ocean;0
9178;40;155;255;sea;false;ocean;0
9179;143;80;255;sea;false;ocean;0
9180;72;65;255;sea;true;ocean;0
9181;67;42;255;sea;true;ocean;0
9182;114;154;255;sea;true;ocean;0
9183;17;65;255;sea;true;ocean;0
9184;42;102;255;sea;true;ocean;0
9185;117;49;255;sea;false;ocean;0
9186;97;96;255;sea;false;ocean;0
9187;89;56;255;sea;false;ocean;0
9188;65;59;255;sea;false;ocean;0
9189;87;118;255;sea;true;ocean;0
9190;47;114;255;sea;true;ocean;0
9191;126;46;255;sea;true;ocean;0
9192;125;65;255;sea;true;ocean;0
9193;19;57;255;sea;false;ocean;0
9194;82;67;255;sea;false;ocean;0
9195;58;18;255;sea;true;ocean;0
9196;125;31;255;sea;false;ocean;0
9197;33;10;255;sea;true;ocean;0
9198;89;28;255;sea;true;ocean;0
9199;23;109;255;sea;true;ocean;0
9200;119;87;255;sea;false;ocean;0
9201;133;48;255;sea;false;ocean;0
9202;131;9;255;sea;true;ocean;0
9203;98;108;255;sea;false;ocean;0
9204;131;26;255;sea;false;ocean;0
9205;106;40;255;sea;false;ocean;0
9206;126;57;255;sea;false;ocean;0
9207;25;110;255;sea;false;ocean;0
9208;66;64;255;sea;false;ocean;0
9209;49;126;255;sea;false;ocean;0
9210;12;16;255;sea;false;ocean;0
9211;15;54;255;sea;false;ocean;0
9212;81;129;255;sea;true;ocean;0
9213;97;121;255;sea;false;ocean;0
9214;73;86;255;sea;false;ocean;0
9215;78;120;255;sea;false;ocean;0
9216;71;135;255;sea;false;ocean;0
9217;102;21;255;sea;false;ocean;0
9218;38;0;255;sea;false;ocean;0
9219;75;124;255;sea;true;ocean;0
9220;11;94;255;sea;false;ocean;0
9221;51;47;255;sea;true;ocean;0
9222;50;125;255;sea;false;ocean;0
9223;70;111;255;sea;false;ocean;0
9224;20;51;255;sea;false;ocean;0
9225;37;56;255;sea;false;ocean;0
9226;11;66;255;sea;false;ocean;0
9227;17;117;255;sea;true;ocean;0
9228;115;96;255;sea;true;ocean;0
9229;25;20;255;sea;true;ocean;0
9230;107;79;255;sea;true;ocean;0
9231;64;107;255;sea;false;ocean;0
9232;66;104;255;sea;false;ocean;0
9233;120;89;255;sea;false;ocean;0
9234;83;7;255;sea;false;ocean;0
9235;60;111;255;sea;false;ocean;0
9236;45;118;255;sea;false;ocean;0
9237;55;51;255;sea;true;ocean;0
9238;51;112;255;sea;false;ocean;0
9239;64;25;255;sea;false;ocean;0
9240;74;19;255;sea;false;ocean;0
9241;134;42;255;sea;false;ocean;0
9242;45;230;128;lake;false;lakes;0
9243;39;119;128;lake;false;lakes;0
9244;10;152;128;lake;false;lakes;0
9245;107;238;128;lake;false;lakes;0
9246;160;77;128;lake;false;lakes;0
9247;250;192;128;lake;false;lakes;0
9248;159;88;128;lake;false;lakes;0
9249;41;205;128;lake;false;lakes;0
9250;174;84;128;lake;false;lakes;0
9251;107;91;128;lake;false;lakes;0
9252;46;199;128;lake;false;lakes;0
9253;250;120;128;lake;false;lakes;0
9254;100;239;128;lake;false;lakes;0
9255;108;96;128;lake;false;lakes;0
9256;162;164;128;lake;false;lakes;0
9257;126;46;128;lake;false;lakes;0
9258;254;237;128;lake;false;lakes;0
9259;30;15;128;lake;false;lakes;0
9260;131;142;128;lake;false;lakes;0
9261;53;51;128;lake;false;lakes;0
9262;119;142;128;lake;false;lakes;0
9263;198;33;128;lake;false;lakes;0
